2026-09-08 04:22:34.124 | INFO     | src.data_fetcher:fetch_data:90 - ✅ Data pulled for 2018-11-03 - 2019-01-02
2026-09-08 04:22:39.237 | INFO     | src.data_fetcher:fetch_data:90 - ✅ Data pulled for 2019-01-03 - 2019-03-04
2026-09-08 04:22:44.350 | INFO     | src.data_fetcher:fetch_data:90 - ✅ Data pulled for 2019-03-05 - 2019-05-04
2026-09-08 04:22:49.465 | INFO     | src.data_fetcher:fetch_data:90 - ✅ Data pulled for 2019-05-05 - 2019-07-04
2026-09-08 04:22:54.745 | INFO     | src.data_fetcher:fetch_data:90 - ✅ Data pulled for 2019-07-05 - 2019-09-03
2026-09-08 04:22:59.858 | INFO     | src.data_fetcher:fetch_data:90 - ✅ Data pulled for 2019-09-04 - 2019-11-03
2026-09-08 04:23:04.972 | INFO     | src.data_fetcher:fetch_data:90 - ✅ Data pulled for 2019-11-04 - 2020-01-03
2026-09-08 04:23:10.085 | INFO     | src.data_fetcher:fetch_data:90 - ✅ Data pulled for 2020-01-04 - 2020-03-04
2026-09-08 04:23:15.197 | INFO     | src.data_fetcher:fetch_data:90 - ✅ Data pulled for 2020-03-05 - 2020-05-04
2026-09-08 04:23:20.310 | INFO     | src.data_fetcher:fetch_data:90 - ✅ Data pulled for 2020-05-05 - 2020-07-04
2026-09-08 04:23:25.478 | INFO     | src.data_fetcher:fetch_data:90 - ✅ Data pulled for 2020-07-05 - 2020-09-03
2026-09-08 04:23:30.591 | INFO     | src.data_fetcher:fetch_data:90 - ✅ Data pulled for 2020-09-04 - 2020-11-03
2026-09-08 04:23:36.453 | INFO     | src.data_fetcher:fetch_data:90 - ✅ Data pulled for 2020-11-04 - 2021-01-03
2026-09-08 04:23:42.008 | INFO     | src.data_fetcher:fetch_data:90 - ✅ Data pulled for 2021-01-04 - 2021-03-05
2026-09-08 04:23:47.555 | INFO     | src.data_fetcher:fetch_data:90 - ✅ Data pulled for 2021-03-06 - 2021-05-05
2026-09-08 04:23:53.135 | INFO     | src.data_fetcher:fetch_data:90 - ✅ Data pulled for 2021-05-06 - 2021-07-05
2026-09-08 04:23:58.742 | INFO     | src.data_fetcher:fetch_data:90 - ✅ Data pulled for 2021-07-06 - 2021-09-04
2026-09-08 04:24:04.328 | INFO     | src.data_fetcher:fetch_data:90 - ✅ Data pulled for 2021-09-05 - 2021-11-04
2026-09-08 04:24:10.080 | INFO     | src.data_fetcher:fetch_data:90 - ✅ Data pulled for 2021-11-05 - 2022-01-04
2026-09-08 04:24:15.650 | INFO     | src.data_fetcher:fetch_data:90 - ✅ Data pulled for 2022-01-05 - 2022-03-06
2026-09-08 04:24:21.250 | INFO     | src.data_fetcher:fetch_data:90 - ✅ Data pulled for 2022-03-07 - 2022-05-06
2026-09-08 04:24:26.820 | INFO     | src.data_fetcher:fetch_data:90 - ✅ Data pulled for 2022-05-07 - 2022-07-06
2026-09-08 04:24:32.380 | INFO     | src.data_fetcher:fetch_data:90 - ✅ Data pulled for 2022-07-07 - 2022-09-05
2026-09-08 04:24:37.985 | INFO     | src.data_fetcher:fetch_data:90 - ✅ Data pulled for 2022-09-06 - 2022-11-05
2026-09-08 04:24:43.547 | INFO     | src.data_fetcher:fetch_data:90 - ✅ Data pulled for 2022-11-06 - 2023-01-05
2026-09-08 04:24:49.110 | INFO     | src.data_fetcher:fetch_data:90 - ✅ Data pulled for 2023-01-06 - 2023-03-07
2026-09-08 04:24:54.701 | INFO     | src.data_fetcher:fetch_data:90 - ✅ Data pulled for 2023-03-08 - 2023-05-07
2026-09-08 04:25:00.273 | INFO     | src.data_fetcher:fetch_data:90 - ✅ Data pulled for 2023-05-08 - 2023-07-07
2026-09-08 04:25:05.889 | INFO     | src.data_fetcher:fetch_data:90 - ✅ Data pulled for 2023-07-08 - 2023-09-06
2026-09-08 04:25:11.498 | INFO     | src.data_fetcher:fetch_data:90 - ✅ Data pulled for 2023-09-07 - 2023-11-06
2026-09-08 04:25:17.580 | INFO     | src.data_fetcher:fetch_data:90 - ✅ Data pulled for 2023-11-07 - 2024-01-06
2026-09-08 04:25:23.695 | INFO     | src.data_fetcher:fetch_data:90 - ✅ Data pulled for 2024-01-07 - 2024-03-07
2026-09-08 04:25:29.395 | INFO     | src.data_fetcher:fetch_data:90 - ✅ Data pulled for 2024-03-08 - 2024-05-07
2026-09-08 04:25:35.040 | INFO     | src.data_fetcher:fetch_data:90 - ✅ Data pulled for 2024-05-08 - 2024-07-07
2026-09-08 04:25:40.631 | INFO     | src.data_fetcher:fetch_data:90 - ✅ Data pulled for 2024-07-08 - 2024-09-06
2026-09-08 04:25:46.199 | INFO     | src.data_fetcher:fetch_data:90 - ✅ Data pulled for 2024-09-07 - 2024-11-06
2026-09-08 04:25:51.836 | INFO     | src.data_fetcher:fetch_data:90 - ✅ Data pulled for 2024-11-07 - 2025-01-06
2026-09-08 04:25:57.406 | INFO     | src.data_fetcher:fetch_data:90 - ✅ Data pulled for 2025-01-07 - 2025-03-08
2026-09-08 04:26:02.955 | INFO     | src.data_fetcher:fetch_data:90 - ✅ Data pulled for 2025-03-09 - 2025-05-08
2026-09-08 04:26:08.890 | INFO     | src.data_fetcher:fetch_data:90 - ✅ Data pulled for 2025-05-09 - 2025-07-08
2026-09-08 04:26:15.243 | INFO     | src.data_fetcher:fetch_data:90 - ✅ Data pulled for 2025-07-09 - 2025-09-07
2026-09-08 04:26:20.863 | INFO     | src.data_fetcher:fetch_data:90 - ✅ Data pulled for 2025-09-08 - 2025-11-07
2026-09-08 04:26:26.455 | INFO     | src.data_fetcher:fetch_data:90 - ✅ Data pulled for 2025-11-08 - 2026-01-07
2026-09-08 04:26:32.037 | INFO     | src.data_fetcher:fetch_data:90 - ✅ Data pulled for 2026-01-08 - 2026-03-09
2026-09-08 04:26:37.692 | INFO     | src.data_fetcher:fetch_data:90 - ✅ Data pulled for 2026-03-10 - 2026-05-09
2026-09-08 04:26:43.483 | INFO     | src.data_fetcher:fetch_data:90 - ✅ Data pulled for 2026-05-10 - 2026-07-09
2026-09-08 04:26:49.385 | INFO     | src.data_fetcher:fetch_data:90 - ✅ Data pulled for 2026-07-10 - 2026-09-08
2026-09-08 04:26:54.741 | INFO     | src.data_fetcher:fetch_data:111 - ✔ AQI Data saved to `aqi_data_2016-2026.csv`
2026-09-08 04:26:54.752 | INFO     | __main__:main:35 - Data download completed...
2026-09-08 04:26:54.753 | INFO     | __main__:main:37 - Data Loading & Cleaning...
2026-09-08 04:26:54.883 | INFO     | src.data_cleaner:clean_data:84 - 
Data Quality Report:  
Total rows: 43376
Total columns: 10
2026-09-08 04:26:54.885 | INFO     | src.data_cleaner:clean_data:85 - 
Missing values after cleaning:  
timestamp    0
aqi          0
no           0
pm2_5        0
pm10         0
co           0
no2          0
so2          0
o3           0
nh3          0
dtype: int64
2026-09-08 04:26:54.885 | INFO     | src.data_cleaner:clean_data:86 - 
Data types: 
timestamp    datetime64[ns]
aqi                 float64
no                  float64
pm2_5               float64
pm10                float64
co                  float64
no2                 float64
so2                 float64
o3                  float64
nh3                 float64
dtype: object
2026-09-08 04:26:54.886 | INFO     | __main__:main:41 - Data Loading & Cleaning Completed.
2026-09-08 04:26:54.886 | INFO     | __main__:main:43 - Feature Engineering...
2026-09-08 04:26:55.030 | INFO     | __main__:main:46 - Feature Engineering Completed.
2026-09-08 04:26:55.030 | INFO     | __main__:main:48 - Feature Selection...
2026-09-08 04:26:55.030 | INFO     | __main__:main:50 - Performing correlation analysis...
2026-09-08 04:26:55.065 | INFO     | __main__:main:53 - 
Dropped highly correlated features: 
['pm2_5', 'pm10', 'nh3', 'aqi_above_3_count_24h']
2026-09-08 04:26:55.065 | INFO     | __main__:main:54 - Correlation analysis completed.
2026-09-08 04:26:55.065 | INFO     | __main__:main:58 - Feature importance analysis...
2026-09-08 04:26:59.599 | INFO     | __main__:main:61 - Top feature importances: 
co                      0.187359
aqi_rolling_mean_24h    0.161188
so2                     0.124951
no2                     0.113721
aqi_rolling_max_24h     0.080574
pm2_5_pm10_ratio        0.074666
o3                      0.074041
aqi_trend               0.041177
hour                    0.033847
season                  0.029417
month                   0.025421
no                      0.021121
day                     0.019820
weekday                 0.012696
dtype: float64
2026-09-08 04:26:59.600 | INFO     | __main__:main:62 - Feature importance analysis completed.
2026-09-08 04:26:59.600 | INFO     | __main__:main:65 - Splitting data into train, validation, and test sets...
2026-09-08 04:26:59.603 | INFO     | __main__:main:68 - 
Train shape: 
(30363, 20)
 Val shape: (6506, 20)
 Test shape: (6507, 20)
2026-09-08 04:26:59.603 | INFO     | __main__:main:69 - Data splitting completed.
2026-09-08 04:26:59.604 | INFO     | __main__:main:72 - Saving features to CSV files...
2026-09-08 04:27:00.026 | INFO     | __main__:main:76 - Features saved successfully.
2026-09-09 04:26:25.867 | INFO     | __main__:main:29 - Starting feature pipeline...
2026-09-09 04:26:25.870 | INFO     | __main__:main:33 - Data downloading from API...
2026-09-09 04:26:26.409 | INFO     | src.data_fetcher:fetch_data:90 - ✅ Data pulled for 2016-01-01 - 2016-03-01
2026-09-09 04:26:31.929 | INFO     | src.data_fetcher:fetch_data:90 - ✅ Data pulled for 2016-03-02 - 2016-05-01
2026-09-09 04:26:37.449 | INFO     | src.data_fetcher:fetch_data:90 - ✅ Data pulled for 2016-05-02 - 2016-07-01
2026-09-09 04:26:42.967 | INFO     | src.data_fetcher:fetch_data:90 - ✅ Data pulled for 2016-07-02 - 2016-08-31
2026-09-09 04:26:48.202 | INFO     | src.data_fetcher:fetch_data:90 - ✅ Data pulled for 2016-09-01 - 2016-10-31
2026-09-09 04:26:53.433 | INFO     | src.data_fetcher:fetch_data:90 - ✅ Data pulled for 2016-11-01 - 2016-12-31
2026-09-09 04:26:58.665 | INFO     | src.data_fetcher:fetch_data:90 - ✅ Data pulled for 2017-01-01 - 2017-03-02
2026-09-09 04:27:03.893 | INFO     | src.data_fetcher:fetch_data:90 - ✅ Data pulled for 2017-03-03 - 2017-05-02
2026-09-09 04:27:09.122 | INFO     | src.data_fetcher:fetch_data:90 - ✅ Data pulled for 2017-05-03 - 2017-07-02
2026-09-09 04:27:14.354 | INFO     | src.data_fetcher:fetch_data:90 - ✅ Data pulled for 2017-07-03 - 2017-09-01
2026-09-09 04:27:19.757 | INFO     | src.data_fetcher:fetch_data:90 - ✅ Data pulled for 2017-09-02 - 2017-11-01
2026-09-09 04:27:24.985 | INFO     | src.data_fetcher:fetch_data:90 - ✅ Data pulled for 2017-11-02 - 2018-01-01
2026-09-09 04:27:30.213 | INFO     | src.data_fetcher:fetch_data:90 - ✅ Data pulled for 2018-01-02 - 2018-03-03
2026-09-09 04:27:35.449 | INFO     | src.data_fetcher:fetch_data:90 - ✅ Data pulled for 2018-03-04 - 2018-05-03
2026-09-09 04:27:40.676 | INFO     | src.data_fetcher:fetch_data:90 - ✅ Data pulled for 2018-05-04 - 2018-07-03
2026-09-09 04:27:45.905 | INFO     | src.data_fetcher:fetch_data:90 - ✅ Data pulled for 2018-07-04 - 2018-09-02
2026-09-09 04:27:51.133 | INFO     | src.data_fetcher:fetch_data:90 - ✅ Data pulled for 2018-09-03 - 2018-11-02
2026-09-09 04:27:56.362 | INFO     | src.data_fetcher:fetch_data:90 - ✅ Data pulled for 2018-11-03 - 2019-01-02
2026-09-09 04:28:01.592 | INFO     | src.data_fetcher:fetch_data:90 - ✅ Data pulled for 2019-01-03 - 2019-03-04
2026-09-09 04:28:06.824 | INFO     | src.data_fetcher:fetch_data:90 - ✅ Data pulled for 2019-03-05 - 2019-05-04
2026-09-09 04:28:12.052 | INFO     | src.data_fetcher:fetch_data:90 - ✅ Data pulled for 2019-05-05 - 2019-07-04
2026-09-09 04:28:17.287 | INFO     | src.data_fetcher:fetch_data:90 - ✅ Data pulled for 2019-07-05 - 2019-09-03
2026-09-09 04:28:22.515 | INFO     | src.data_fetcher:fetch_data:90 - ✅ Data pulled for 2019-09-04 - 2019-11-03
2026-09-09 04:28:27.748 | INFO     | src.data_fetcher:fetch_data:90 - ✅ Data pulled for 2019-11-04 - 2020-01-03
2026-09-09 04:28:32.980 | INFO     | src.data_fetcher:fetch_data:90 - ✅ Data pulled for 2020-01-04 - 2020-03-04
2026-09-09 04:28:38.216 | INFO     | src.data_fetcher:fetch_data:90 - ✅ Data pulled for 2020-03-05 - 2020-05-04
2026-09-09 04:28:43.444 | INFO     | src.data_fetcher:fetch_data:90 - ✅ Data pulled for 2020-05-05 - 2020-07-04
2026-09-09 04:28:48.768 | INFO     | src.data_fetcher:fetch_data:90 - ✅ Data pulled for 2020-07-05 - 2020-09-03
2026-09-09 04:28:53.995 | INFO     | src.data_fetcher:fetch_data:90 - ✅ Data pulled for 2020-09-04 - 2020-11-03
2026-09-09 04:29:00.276 | INFO     | src.data_fetcher:fetch_data:90 - ✅ Data pulled for 2020-11-04 - 2021-01-03
2026-09-09 04:29:06.370 | INFO     | src.data_fetcher:fetch_data:90 - ✅ Data pulled for 2021-01-04 - 2021-03-05
2026-09-09 04:29:12.459 | INFO     | src.data_fetcher:fetch_data:90 - ✅ Data pulled for 2021-03-06 - 2021-05-05
2026-09-09 04:29:18.826 | INFO     | src.data_fetcher:fetch_data:90 - ✅ Data pulled for 2021-05-06 - 2021-07-05
2026-09-09 04:29:24.944 | INFO     | src.data_fetcher:fetch_data:90 - ✅ Data pulled for 2021-07-06 - 2021-09-04
2026-09-09 04:29:31.372 | INFO     | src.data_fetcher:fetch_data:90 - ✅ Data pulled for 2021-09-05 - 2021-11-04
2026-09-09 04:29:37.582 | INFO     | src.data_fetcher:fetch_data:90 - ✅ Data pulled for 2021-11-05 - 2022-01-04
2026-09-09 04:29:43.626 | INFO     | src.data_fetcher:fetch_data:90 - ✅ Data pulled for 2022-01-05 - 2022-03-06
2026-09-09 04:29:49.735 | INFO     | src.data_fetcher:fetch_data:90 - ✅ Data pulled for 2022-03-07 - 2022-05-06
2026-09-09 04:29:55.868 | INFO     | src.data_fetcher:fetch_data:90 - ✅ Data pulled for 2022-05-07 - 2022-07-06
2026-09-09 04:30:03.530 | INFO     | src.data_fetcher:fetch_data:90 - ✅ Data pulled for 2022-07-07 - 2022-09-05
2026-09-09 04:30:09.733 | INFO     | src.data_fetcher:fetch_data:90 - ✅ Data pulled for 2022-09-06 - 2022-11-05
2026-09-09 04:30:15.783 | INFO     | src.data_fetcher:fetch_data:90 - ✅ Data pulled for 2022-11-06 - 2023-01-05
2026-09-09 04:30:21.889 | INFO     | src.data_fetcher:fetch_data:90 - ✅ Data pulled for 2023-01-06 - 2023-03-07
2026-09-09 04:30:27.974 | INFO     | src.data_fetcher:fetch_data:90 - ✅ Data pulled for 2023-03-08 - 2023-05-07
2026-09-09 04:30:34.074 | INFO     | src.data_fetcher:fetch_data:90 - ✅ Data pulled for 2023-05-08 - 2023-07-07
2026-09-09 04:30:40.171 | INFO     | src.data_fetcher:fetch_data:90 - ✅ Data pulled for 2023-07-08 - 2023-09-06
2026-09-09 04:30:46.283 | INFO     | src.data_fetcher:fetch_data:90 - ✅ Data pulled for 2023-09-07 - 2023-11-06
2026-09-09 04:30:52.408 | INFO     | src.data_fetcher:fetch_data:90 - ✅ Data pulled for 2023-11-07 - 2024-01-06
2026-09-09 04:31:00.607 | INFO     | src.data_fetcher:fetch_data:90 - ✅ Data pulled for 2024-01-07 - 2024-03-07
2026-09-09 04:31:06.849 | INFO     | src.data_fetcher:fetch_data:90 - ✅ Data pulled for 2024-03-08 - 2024-05-07
2026-09-09 04:31:16.767 | INFO     | src.data_fetcher:fetch_data:90 - ✅ Data pulled for 2024-05-08 - 2024-07-07
2026-09-09 04:31:23.318 | INFO     | src.data_fetcher:fetch_data:90 - ✅ Data pulled for 2024-07-08 - 2024-09-06
2026-09-09 04:31:29.451 | INFO     | src.data_fetcher:fetch_data:90 - ✅ Data pulled for 2024-09-07 - 2024-11-06
2026-09-09 04:31:35.517 | INFO     | src.data_fetcher:fetch_data:90 - ✅ Data pulled for 2024-11-07 - 2025-01-06
2026-09-09 04:31:41.658 | INFO     | src.data_fetcher:fetch_data:90 - ✅ Data pulled for 2025-01-07 - 2025-03-08
2026-09-09 04:31:48.027 | INFO     | src.data_fetcher:fetch_data:90 - ✅ Data pulled for 2025-03-09 - 2025-05-08
2026-09-09 04:31:54.188 | INFO     | src.data_fetcher:fetch_data:90 - ✅ Data pulled for 2025-05-09 - 2025-07-08
2026-09-09 04:32:00.597 | INFO     | src.data_fetcher:fetch_data:90 - ✅ Data pulled for 2025-07-09 - 2025-09-07
2026-09-09 04:32:06.772 | INFO     | src.data_fetcher:fetch_data:90 - ✅ Data pulled for 2025-09-08 - 2025-11-07
2026-09-09 04:32:12.917 | INFO     | src.data_fetcher:fetch_data:90 - ✅ Data pulled for 2025-11-08 - 2026-01-07
2026-09-09 04:32:19.069 | INFO     | src.data_fetcher:fetch_data:90 - ✅ Data pulled for 2026-01-08 - 2026-03-09
2026-09-09 04:32:25.297 | INFO     | src.data_fetcher:fetch_data:90 - ✅ Data pulled for 2026-03-10 - 2026-05-09
2026-09-09 04:32:31.535 | INFO     | src.data_fetcher:fetch_data:90 - ✅ Data pulled for 2026-05-10 - 2026-07-09
2026-09-09 04:32:37.901 | INFO     | src.data_fetcher:fetch_data:90 - ✅ Data pulled for 2026-07-10 - 2026-09-08
2026-09-09 04:32:43.300 | INFO     | src.data_fetcher:fetch_data:90 - ✅ Data pulled for 2026-09-09 - 2026-09-09
2026-09-09 04:32:48.658 | INFO     | src.data_fetcher:fetch_data:111 - ✔ AQI Data saved to `aqi_data_2016-2026.csv`
2026-09-09 04:32:48.664 | INFO     | __main__:main:35 - Data download completed...
2026-09-09 04:32:48.665 | INFO     | __main__:main:37 - Data Loading & Cleaning...
2026-09-09 04:32:48.794 | INFO     | src.data_cleaner:clean_data:84 - 
Data Quality Report:  
Total rows: 43376
Total columns: 10
2026-09-09 04:32:48.796 | INFO     | src.data_cleaner:clean_data:85 - 
Missing values after cleaning:  
timestamp    0
aqi          0
no           0
pm2_5        0
pm10         0
co           0
no2          0
so2          0
o3           0
nh3          0
dtype: int64
2026-09-09 04:32:48.796 | INFO     | src.data_cleaner:clean_data:86 - 
Data types: 
timestamp    datetime64[ns]
aqi                 float64
no                  float64
pm2_5               float64
pm10                float64
co                  float64
no2                 float64
so2                 float64
o3                  float64
nh3                 float64
dtype: object
2026-09-09 04:32:48.797 | INFO     | __main__:main:41 - Data Loading & Cleaning Completed.
2026-09-09 04:32:48.797 | INFO     | __main__:main:43 - Feature Engineering...
2026-09-09 04:32:48.934 | INFO     | __main__:main:46 - Feature Engineering Completed.
2026-09-09 04:32:48.934 | INFO     | __main__:main:48 - Feature Selection...
2026-09-09 04:32:48.934 | INFO     | __main__:main:50 - Performing correlation analysis...
2026-09-09 04:32:48.975 | INFO     | __main__:main:53 - 
Dropped highly correlated features: 
['pm2_5', 'pm10', 'nh3', 'aqi_above_3_count_24h']
2026-09-09 04:32:48.975 | INFO     | __main__:main:54 - Correlation analysis completed.
2026-09-09 04:32:48.975 | INFO     | __main__:main:58 - Feature importance analysis...
2026-09-09 04:32:52.975 | INFO     | __main__:main:61 - Top feature importances: 
co                      0.187359
aqi_rolling_mean_24h    0.161188
so2                     0.124951
no2                     0.113721
aqi_rolling_max_24h     0.080574
pm2_5_pm10_ratio        0.074666
o3                      0.074041
aqi_trend               0.041177
hour                    0.033847
season                  0.029417
month                   0.025421
no                      0.021121
day                     0.019820
weekday                 0.012696
dtype: float64
2026-09-09 04:32:52.975 | INFO     | __main__:main:62 - Feature importance analysis completed.
2026-09-09 04:32:52.976 | INFO     | __main__:main:65 - Splitting data into train, validation, and test sets...
2026-09-09 04:32:52.980 | INFO     | __main__:main:68 - 
Train shape: 
(30363, 20)
 Val shape: (6506, 20)
 Test shape: (6507, 20)
2026-09-09 04:32:52.980 | INFO     | __main__:main:69 - Data splitting completed.
2026-09-09 04:32:52.980 | INFO     | __main__:main:72 - Saving features to CSV files...
2026-09-09 04:32:53.416 | INFO     | __main__:main:76 - Features saved successfully.
2026-09-10 04:24:32.058 | INFO     | __main__:main:29 - Starting feature pipeline...
2026-09-10 04:24:32.062 | INFO     | __main__:main:33 - Data downloading from API...
2026-09-10 04:24:32.563 | INFO     | src.data_fetcher:fetch_data:90 - ✅ Data pulled for 2016-01-01 - 2016-03-01
2026-09-10 04:24:38.055 | INFO     | src.data_fetcher:fetch_data:90 - ✅ Data pulled for 2016-03-02 - 2016-05-01
2026-09-10 04:24:43.549 | INFO     | src.data_fetcher:fetch_data:90 - ✅ Data pulled for 2016-05-02 - 2016-07-01
2026-09-10 04:24:48.753 | INFO     | src.data_fetcher:fetch_data:90 - ✅ Data pulled for 2016-07-02 - 2016-08-31
2026-09-10 04:24:53.960 | INFO     | src.data_fetcher:fetch_data:90 - ✅ Data pulled for 2016-09-01 - 2016-10-31
2026-09-10 04:24:59.159 | INFO     | src.data_fetcher:fetch_data:90 - ✅ Data pulled for 2016-11-01 - 2016-12-31
2026-09-10 04:25:04.364 | INFO     | src.data_fetcher:fetch_data:90 - ✅ Data pulled for 2017-01-01 - 2017-03-02
2026-09-10 04:25:09.859 | INFO     | src.data_fetcher:fetch_data:90 - ✅ Data pulled for 2017-03-03 - 2017-05-02
2026-09-10 04:25:15.068 | INFO     | src.data_fetcher:fetch_data:90 - ✅ Data pulled for 2017-05-03 - 2017-07-02
2026-09-10 04:25:20.272 | INFO     | src.data_fetcher:fetch_data:90 - ✅ Data pulled for 2017-07-03 - 2017-09-01
2026-09-10 04:25:25.491 | INFO     | src.data_fetcher:fetch_data:90 - ✅ Data pulled for 2017-09-02 - 2017-11-01
2026-09-10 04:25:30.697 | INFO     | src.data_fetcher:fetch_data:90 - ✅ Data pulled for 2017-11-02 - 2018-01-01
2026-09-10 04:25:35.899 | INFO     | src.data_fetcher:fetch_data:90 - ✅ Data pulled for 2018-01-02 - 2018-03-03
2026-09-10 04:25:41.107 | INFO     | src.data_fetcher:fetch_data:90 - ✅ Data pulled for 2018-03-04 - 2018-05-03
2026-09-10 04:25:46.311 | INFO     | src.data_fetcher:fetch_data:90 - ✅ Data pulled for 2018-05-04 - 2018-07-03
2026-09-10 04:25:51.514 | INFO     | src.data_fetcher:fetch_data:90 - ✅ Data pulled for 2018-07-04 - 2018-09-02
2026-09-10 04:25:56.714 | INFO     | src.data_fetcher:fetch_data:90 - ✅ Data pulled for 2018-09-03 - 2018-11-02
2026-09-10 04:26:01.917 | INFO     | src.data_fetcher:fetch_data:90 - ✅ Data pulled for 2018-11-03 - 2019-01-02
2026-09-10 04:26:07.121 | INFO     | src.data_fetcher:fetch_data:90 - ✅ Data pulled for 2019-01-03 - 2019-03-04
2026-09-10 04:26:12.326 | INFO     | src.data_fetcher:fetch_data:90 - ✅ Data pulled for 2019-03-05 - 2019-05-04
2026-09-10 04:26:17.527 | INFO     | src.data_fetcher:fetch_data:90 - ✅ Data pulled for 2019-05-05 - 2019-07-04
2026-09-10 04:26:22.740 | INFO     | src.data_fetcher:fetch_data:90 - ✅ Data pulled for 2019-07-05 - 2019-09-03
2026-09-10 04:26:27.944 | INFO     | src.data_fetcher:fetch_data:90 - ✅ Data pulled for 2019-09-04 - 2019-11-03
2026-09-10 04:26:33.148 | INFO     | src.data_fetcher:fetch_data:90 - ✅ Data pulled for 2019-11-04 - 2020-01-03
2026-09-10 04:26:38.356 | INFO     | src.data_fetcher:fetch_data:90 - ✅ Data pulled for 2020-01-04 - 2020-03-04
2026-09-10 04:26:43.557 | INFO     | src.data_fetcher:fetch_data:90 - ✅ Data pulled for 2020-03-05 - 2020-05-04
2026-09-10 04:26:48.759 | INFO     | src.data_fetcher:fetch_data:90 - ✅ Data pulled for 2020-05-05 - 2020-07-04
2026-09-10 04:26:54.036 | INFO     | src.data_fetcher:fetch_data:90 - ✅ Data pulled for 2020-07-05 - 2020-09-03
2026-09-10 04:26:59.238 | INFO     | src.data_fetcher:fetch_data:90 - ✅ Data pulled for 2020-09-04 - 2020-11-03
2026-09-10 04:27:05.170 | INFO     | src.data_fetcher:fetch_data:90 - ✅ Data pulled for 2020-11-04 - 2021-01-03
2026-09-10 04:27:11.183 | INFO     | src.data_fetcher:fetch_data:90 - ✅ Data pulled for 2021-01-04 - 2021-03-05
2026-09-10 04:27:17.193 | INFO     | src.data_fetcher:fetch_data:90 - ✅ Data pulled for 2021-03-06 - 2021-05-05
2026-09-10 04:27:23.155 | INFO     | src.data_fetcher:fetch_data:90 - ✅ Data pulled for 2021-05-06 - 2021-07-05
2026-09-10 04:27:29.106 | INFO     | src.data_fetcher:fetch_data:90 - ✅ Data pulled for 2021-07-06 - 2021-09-04
2026-09-10 04:27:35.094 | INFO     | src.data_fetcher:fetch_data:90 - ✅ Data pulled for 2021-09-05 - 2021-11-04
2026-09-10 04:27:41.094 | INFO     | src.data_fetcher:fetch_data:90 - ✅ Data pulled for 2021-11-05 - 2022-01-04
2026-09-10 04:27:47.218 | INFO     | src.data_fetcher:fetch_data:90 - ✅ Data pulled for 2022-01-05 - 2022-03-06
2026-09-10 04:27:53.554 | INFO     | src.data_fetcher:fetch_data:90 - ✅ Data pulled for 2022-03-07 - 2022-05-06
2026-09-10 04:27:59.550 | INFO     | src.data_fetcher:fetch_data:90 - ✅ Data pulled for 2022-05-07 - 2022-07-06
2026-09-10 04:28:05.588 | INFO     | src.data_fetcher:fetch_data:90 - ✅ Data pulled for 2022-07-07 - 2022-09-05
2026-09-10 04:28:11.648 | INFO     | src.data_fetcher:fetch_data:90 - ✅ Data pulled for 2022-09-06 - 2022-11-05
2026-09-10 04:28:17.961 | INFO     | src.data_fetcher:fetch_data:90 - ✅ Data pulled for 2022-11-06 - 2023-01-05
2026-09-10 04:28:24.329 | INFO     | src.data_fetcher:fetch_data:90 - ✅ Data pulled for 2023-01-06 - 2023-03-07
2026-09-10 04:28:31.149 | INFO     | src.data_fetcher:fetch_data:90 - ✅ Data pulled for 2023-03-08 - 2023-05-07
2026-09-10 04:28:37.218 | INFO     | src.data_fetcher:fetch_data:90 - ✅ Data pulled for 2023-05-08 - 2023-07-07
2026-09-10 04:28:44.031 | INFO     | src.data_fetcher:fetch_data:90 - ✅ Data pulled for 2023-07-08 - 2023-09-06
2026-09-10 04:28:50.451 | INFO     | src.data_fetcher:fetch_data:90 - ✅ Data pulled for 2023-09-07 - 2023-11-06
2026-09-10 04:28:56.817 | INFO     | src.data_fetcher:fetch_data:90 - ✅ Data pulled for 2023-11-07 - 2024-01-06
2026-09-10 04:29:02.879 | INFO     | src.data_fetcher:fetch_data:90 - ✅ Data pulled for 2024-01-07 - 2024-03-07
2026-09-10 04:29:08.906 | INFO     | src.data_fetcher:fetch_data:90 - ✅ Data pulled for 2024-03-08 - 2024-05-07
2026-09-10 04:29:15.067 | INFO     | src.data_fetcher:fetch_data:90 - ✅ Data pulled for 2024-05-08 - 2024-07-07
2026-09-10 04:29:21.178 | INFO     | src.data_fetcher:fetch_data:90 - ✅ Data pulled for 2024-07-08 - 2024-09-06
2026-09-10 04:29:27.207 | INFO     | src.data_fetcher:fetch_data:90 - ✅ Data pulled for 2024-09-07 - 2024-11-06
2026-09-10 04:29:33.417 | INFO     | src.data_fetcher:fetch_data:90 - ✅ Data pulled for 2024-11-07 - 2025-01-06
2026-09-10 04:29:39.708 | INFO     | src.data_fetcher:fetch_data:90 - ✅ Data pulled for 2025-01-07 - 2025-03-08
2026-09-10 04:29:45.780 | INFO     | src.data_fetcher:fetch_data:90 - ✅ Data pulled for 2025-03-09 - 2025-05-08
2026-09-10 04:29:51.907 | INFO     | src.data_fetcher:fetch_data:90 - ✅ Data pulled for 2025-05-09 - 2025-07-08
2026-09-10 04:29:58.159 | INFO     | src.data_fetcher:fetch_data:90 - ✅ Data pulled for 2025-07-09 - 2025-09-07
2026-09-10 04:30:04.458 | INFO     | src.data_fetcher:fetch_data:90 - ✅ Data pulled for 2025-09-08 - 2025-11-07
2026-09-10 04:30:10.554 | INFO     | src.data_fetcher:fetch_data:90 - ✅ Data pulled for 2025-11-08 - 2026-01-07
2026-09-10 04:30:16.675 | INFO     | src.data_fetcher:fetch_data:90 - ✅ Data pulled for 2026-01-08 - 2026-03-09
2026-09-10 04:30:23.208 | INFO     | src.data_fetcher:fetch_data:90 - ✅ Data pulled for 2026-03-10 - 2026-05-09
2026-09-10 04:30:29.314 | INFO     | src.data_fetcher:fetch_data:90 - ✅ Data pulled for 2026-05-10 - 2026-07-09
2026-09-10 04:30:35.512 | INFO     | src.data_fetcher:fetch_data:90 - ✅ Data pulled for 2026-07-10 - 2026-09-08
2026-09-10 04:30:40.876 | INFO     | src.data_fetcher:fetch_data:90 - ✅ Data pulled for 2026-09-09 - 2026-09-10
2026-09-10 04:30:46.226 | INFO     | src.data_fetcher:fetch_data:111 - ✔ AQI Data saved to `aqi_data_2016-2026.csv`
2026-09-10 04:30:46.235 | INFO     | __main__:main:35 - Data download completed...
2026-09-10 04:30:46.235 | INFO     | __main__:main:37 - Data Loading & Cleaning...
2026-09-10 04:30:46.351 | INFO     | src.data_cleaner:clean_data:84 - 
Data Quality Report:  
Total rows: 43376
Total columns: 10
2026-09-10 04:30:46.352 | INFO     | src.data_cleaner:clean_data:85 - 
Missing values after cleaning:  
timestamp    0
aqi          0
no           0
pm2_5        0
pm10         0
co           0
no2          0
so2          0
o3           0
nh3          0
dtype: int64
2026-09-10 04:30:46.353 | INFO     | src.data_cleaner:clean_data:86 - 
Data types: 
timestamp    datetime64[ns]
aqi                 float64
no                  float64
pm2_5               float64
pm10                float64
co                  float64
no2                 float64
so2                 float64
o3                  float64
nh3                 float64
dtype: object
2026-09-10 04:30:46.353 | INFO     | __main__:main:41 - Data Loading & Cleaning Completed.
2026-09-10 04:30:46.354 | INFO     | __main__:main:43 - Feature Engineering...
2026-09-10 04:30:46.498 | INFO     | __main__:main:46 - Feature Engineering Completed.
2026-09-10 04:30:46.498 | INFO     | __main__:main:48 - Feature Selection...
2026-09-10 04:30:46.498 | INFO     | __main__:main:50 - Performing correlation analysis...
2026-09-10 04:30:46.533 | INFO     | __main__:main:53 - 
Dropped highly correlated features: 
['pm2_5', 'pm10', 'nh3', 'aqi_above_3_count_24h']
2026-09-10 04:30:46.533 | INFO     | __main__:main:54 - Correlation analysis completed.
2026-09-10 04:30:46.533 | INFO     | __main__:main:58 - Feature importance analysis...
2026-09-10 04:30:51.067 | INFO     | __main__:main:61 - Top feature importances: 
co                      0.187359
aqi_rolling_mean_24h    0.161188
so2                     0.124951
no2                     0.113721
aqi_rolling_max_24h     0.080574
pm2_5_pm10_ratio        0.074666
o3                      0.074041
aqi_trend               0.041177
hour                    0.033847
season                  0.029417
month                   0.025421
no                      0.021121
day                     0.019820
weekday                 0.012696
dtype: float64
2026-09-10 04:30:51.068 | INFO     | __main__:main:62 - Feature importance analysis completed.
2026-09-10 04:30:51.068 | INFO     | __main__:main:65 - Splitting data into train, validation, and test sets...
2026-09-10 04:30:51.071 | INFO     | __main__:main:68 - 
Train shape: 
(30363, 20)
 Val shape: (6506, 20)
 Test shape: (6507, 20)
2026-09-10 04:30:51.071 | INFO     | __main__:main:69 - Data splitting completed.
2026-09-10 04:30:51.071 | INFO     | __main__:main:72 - Saving features to CSV files...
2026-09-10 04:30:51.495 | INFO     | __main__:main:76 - Features saved successfully.
2026-09-11 04:23:34.137 | INFO     | __main__:main:29 - Starting feature pipeline...
2026-09-11 04:23:34.140 | INFO     | __main__:main:33 - Data downloading from API...
2026-09-11 04:23:34.811 | INFO     | src.data_fetcher:fetch_data:90 - ✅ Data pulled for 2016-01-01 - 2016-03-01
2026-09-11 04:23:40.328 | INFO     | src.data_fetcher:fetch_data:90 - ✅ Data pulled for 2016-03-02 - 2016-05-01
2026-09-11 04:23:45.846 | INFO     | src.data_fetcher:fetch_data:90 - ✅ Data pulled for 2016-05-02 - 2016-07-01
2026-09-11 04:23:51.073 | INFO     | src.data_fetcher:fetch_data:90 - ✅ Data pulled for 2016-07-02 - 2016-08-31
2026-09-11 04:23:56.297 | INFO     | src.data_fetcher:fetch_data:90 - ✅ Data pulled for 2016-09-01 - 2016-10-31
2026-09-11 04:24:01.532 | INFO     | src.data_fetcher:fetch_data:90 - ✅ Data pulled for 2016-11-01 - 2016-12-31
2026-09-11 04:24:06.758 | INFO     | src.data_fetcher:fetch_data:90 - ✅ Data pulled for 2017-01-01 - 2017-03-02
2026-09-11 04:24:11.986 | INFO     | src.data_fetcher:fetch_data:90 - ✅ Data pulled for 2017-03-03 - 2017-05-02
2026-09-11 04:24:17.214 | INFO     | src.data_fetcher:fetch_data:90 - ✅ Data pulled for 2017-05-03 - 2017-07-02
2026-09-11 04:24:22.732 | INFO     | src.data_fetcher:fetch_data:90 - ✅ Data pulled for 2017-07-03 - 2017-09-01
2026-09-11 04:24:27.960 | INFO     | src.data_fetcher:fetch_data:90 - ✅ Data pulled for 2017-09-02 - 2017-11-01
2026-09-11 04:24:33.188 | INFO     | src.data_fetcher:fetch_data:90 - ✅ Data pulled for 2017-11-02 - 2018-01-01
2026-09-11 04:24:38.417 | INFO     | src.data_fetcher:fetch_data:90 - ✅ Data pulled for 2018-01-02 - 2018-03-03
2026-09-11 04:24:43.652 | INFO     | src.data_fetcher:fetch_data:90 - ✅ Data pulled for 2018-03-04 - 2018-05-03
2026-09-11 04:24:48.915 | INFO     | src.data_fetcher:fetch_data:90 - ✅ Data pulled for 2018-05-04 - 2018-07-03
2026-09-11 04:24:54.143 | INFO     | src.data_fetcher:fetch_data:90 - ✅ Data pulled for 2018-07-04 - 2018-09-02
2026-09-11 04:24:59.370 | INFO     | src.data_fetcher:fetch_data:90 - ✅ Data pulled for 2018-09-03 - 2018-11-02
2026-09-11 04:25:04.598 | INFO     | src.data_fetcher:fetch_data:90 - ✅ Data pulled for 2018-11-03 - 2019-01-02
2026-09-11 04:25:09.823 | INFO     | src.data_fetcher:fetch_data:90 - ✅ Data pulled for 2019-01-03 - 2019-03-04
2026-09-11 04:25:15.055 | INFO     | src.data_fetcher:fetch_data:90 - ✅ Data pulled for 2019-03-05 - 2019-05-04
2026-09-11 04:25:20.284 | INFO     | src.data_fetcher:fetch_data:90 - ✅ Data pulled for 2019-05-05 - 2019-07-04
2026-09-11 04:25:25.511 | INFO     | src.data_fetcher:fetch_data:90 - ✅ Data pulled for 2019-07-05 - 2019-09-03
2026-09-11 04:25:30.742 | INFO     | src.data_fetcher:fetch_data:90 - ✅ Data pulled for 2019-09-04 - 2019-11-03
2026-09-11 04:25:35.967 | INFO     | src.data_fetcher:fetch_data:90 - ✅ Data pulled for 2019-11-04 - 2020-01-03
2026-09-11 04:25:41.194 | INFO     | src.data_fetcher:fetch_data:90 - ✅ Data pulled for 2020-01-04 - 2020-03-04
2026-09-11 04:25:46.423 | INFO     | src.data_fetcher:fetch_data:90 - ✅ Data pulled for 2020-03-05 - 2020-05-04
2026-09-11 04:25:51.680 | INFO     | src.data_fetcher:fetch_data:90 - ✅ Data pulled for 2020-05-05 - 2020-07-04
2026-09-11 04:25:56.955 | INFO     | src.data_fetcher:fetch_data:90 - ✅ Data pulled for 2020-07-05 - 2020-09-03
2026-09-11 04:26:02.185 | INFO     | src.data_fetcher:fetch_data:90 - ✅ Data pulled for 2020-09-04 - 2020-11-03
2026-09-11 04:26:08.179 | INFO     | src.data_fetcher:fetch_data:90 - ✅ Data pulled for 2020-11-04 - 2021-01-03
2026-09-11 04:26:14.380 | INFO     | src.data_fetcher:fetch_data:90 - ✅ Data pulled for 2021-01-04 - 2021-03-05
2026-09-11 04:26:20.485 | INFO     | src.data_fetcher:fetch_data:90 - ✅ Data pulled for 2021-03-06 - 2021-05-05
2026-09-11 04:26:26.584 | INFO     | src.data_fetcher:fetch_data:90 - ✅ Data pulled for 2021-05-06 - 2021-07-05
2026-09-11 04:26:32.724 | INFO     | src.data_fetcher:fetch_data:90 - ✅ Data pulled for 2021-07-06 - 2021-09-04
2026-09-11 04:26:38.898 | INFO     | src.data_fetcher:fetch_data:90 - ✅ Data pulled for 2021-09-05 - 2021-11-04
2026-09-11 04:26:45.229 | INFO     | src.data_fetcher:fetch_data:90 - ✅ Data pulled for 2021-11-05 - 2022-01-04
2026-09-11 04:26:51.406 | INFO     | src.data_fetcher:fetch_data:90 - ✅ Data pulled for 2022-01-05 - 2022-03-06
2026-09-11 04:26:57.511 | INFO     | src.data_fetcher:fetch_data:90 - ✅ Data pulled for 2022-03-07 - 2022-05-06
2026-09-11 04:27:04.105 | INFO     | src.data_fetcher:fetch_data:90 - ✅ Data pulled for 2022-05-07 - 2022-07-06
2026-09-11 04:27:10.202 | INFO     | src.data_fetcher:fetch_data:90 - ✅ Data pulled for 2022-07-07 - 2022-09-05
2026-09-11 04:27:16.383 | INFO     | src.data_fetcher:fetch_data:90 - ✅ Data pulled for 2022-09-06 - 2022-11-05
2026-09-11 04:27:22.859 | INFO     | src.data_fetcher:fetch_data:90 - ✅ Data pulled for 2022-11-06 - 2023-01-05
2026-09-11 04:27:28.999 | INFO     | src.data_fetcher:fetch_data:90 - ✅ Data pulled for 2023-01-06 - 2023-03-07
2026-09-11 04:27:35.170 | INFO     | src.data_fetcher:fetch_data:90 - ✅ Data pulled for 2023-03-08 - 2023-05-07
2026-09-11 04:27:41.289 | INFO     | src.data_fetcher:fetch_data:90 - ✅ Data pulled for 2023-05-08 - 2023-07-07
2026-09-11 04:27:48.040 | INFO     | src.data_fetcher:fetch_data:90 - ✅ Data pulled for 2023-07-08 - 2023-09-06
2026-09-11 04:27:54.109 | INFO     | src.data_fetcher:fetch_data:90 - ✅ Data pulled for 2023-09-07 - 2023-11-06
2026-09-11 04:28:00.254 | INFO     | src.data_fetcher:fetch_data:90 - ✅ Data pulled for 2023-11-07 - 2024-01-06
2026-09-11 04:28:06.981 | INFO     | src.data_fetcher:fetch_data:90 - ✅ Data pulled for 2024-01-07 - 2024-03-07
2026-09-11 04:28:13.106 | INFO     | src.data_fetcher:fetch_data:90 - ✅ Data pulled for 2024-03-08 - 2024-05-07
2026-09-11 04:28:19.272 | INFO     | src.data_fetcher:fetch_data:90 - ✅ Data pulled for 2024-05-08 - 2024-07-07
2026-09-11 04:28:25.371 | INFO     | src.data_fetcher:fetch_data:90 - ✅ Data pulled for 2024-07-08 - 2024-09-06
2026-09-11 04:28:31.751 | INFO     | src.data_fetcher:fetch_data:90 - ✅ Data pulled for 2024-09-07 - 2024-11-06
2026-09-11 04:28:37.799 | INFO     | src.data_fetcher:fetch_data:90 - ✅ Data pulled for 2024-11-07 - 2025-01-06
2026-09-11 04:28:43.897 | INFO     | src.data_fetcher:fetch_data:90 - ✅ Data pulled for 2025-01-07 - 2025-03-08
2026-09-11 04:28:50.044 | INFO     | src.data_fetcher:fetch_data:90 - ✅ Data pulled for 2025-03-09 - 2025-05-08
2026-09-11 04:28:56.462 | INFO     | src.data_fetcher:fetch_data:90 - ✅ Data pulled for 2025-05-09 - 2025-07-08
2026-09-11 04:29:02.686 | INFO     | src.data_fetcher:fetch_data:90 - ✅ Data pulled for 2025-07-09 - 2025-09-07
2026-09-11 04:29:08.772 | INFO     | src.data_fetcher:fetch_data:90 - ✅ Data pulled for 2025-09-08 - 2025-11-07
2026-09-11 04:29:14.845 | INFO     | src.data_fetcher:fetch_data:90 - ✅ Data pulled for 2025-11-08 - 2026-01-07
2026-09-11 04:29:20.923 | INFO     | src.data_fetcher:fetch_data:90 - ✅ Data pulled for 2026-01-08 - 2026-03-09
2026-09-11 04:29:27.409 | INFO     | src.data_fetcher:fetch_data:90 - ✅ Data pulled for 2026-03-10 - 2026-05-09
2026-09-11 04:29:33.796 | INFO     | src.data_fetcher:fetch_data:90 - ✅ Data pulled for 2026-05-10 - 2026-07-09
2026-09-11 04:29:39.885 | INFO     | src.data_fetcher:fetch_data:90 - ✅ Data pulled for 2026-07-10 - 2026-09-08
2026-09-11 04:29:45.281 | INFO     | src.data_fetcher:fetch_data:90 - ✅ Data pulled for 2026-09-09 - 2026-09-11
2026-09-11 04:29:50.570 | INFO     | src.data_fetcher:fetch_data:111 - ✔ AQI Data saved to `aqi_data_2016-2026.csv`
2026-09-11 04:29:50.579 | INFO     | __main__:main:35 - Data download completed...
2026-09-11 04:29:50.580 | INFO     | __main__:main:37 - Data Loading & Cleaning...
2026-09-11 04:29:50.720 | INFO     | src.data_cleaner:clean_data:84 - 
Data Quality Report:  
Total rows: 43376
Total columns: 10
2026-09-11 04:29:50.721 | INFO     | src.data_cleaner:clean_data:85 - 
Missing values after cleaning:  
timestamp    0
aqi          0
no           0
pm2_5        0
pm10         0
co           0
no2          0
so2          0
o3           0
nh3          0
dtype: int64
2026-09-11 04:29:50.722 | INFO     | src.data_cleaner:clean_data:86 - 
Data types: 
timestamp    datetime64[ns]
aqi                 float64
no                  float64
pm2_5               float64
pm10                float64
co                  float64
no2                 float64
so2                 float64
o3                  float64
nh3                 float64
dtype: object
2026-09-11 04:29:50.722 | INFO     | __main__:main:41 - Data Loading & Cleaning Completed.
2026-09-11 04:29:50.722 | INFO     | __main__:main:43 - Feature Engineering...
2026-09-11 04:29:50.829 | INFO     | __main__:main:46 - Feature Engineering Completed.
2026-09-11 04:29:50.830 | INFO     | __main__:main:48 - Feature Selection...
2026-09-11 04:29:50.830 | INFO     | __main__:main:50 - Performing correlation analysis...
2026-09-11 04:29:50.860 | INFO     | __main__:main:53 - 
Dropped highly correlated features: 
['pm2_5', 'pm10', 'nh3', 'aqi_above_3_count_24h']
2026-09-11 04:29:50.860 | INFO     | __main__:main:54 - Correlation analysis completed.
2026-09-11 04:29:50.860 | INFO     | __main__:main:58 - Feature importance analysis...
2026-09-11 04:29:54.919 | INFO     | __main__:main:61 - Top feature importances: 
co                      0.187359
aqi_rolling_mean_24h    0.161188
so2                     0.124951
no2                     0.113721
aqi_rolling_max_24h     0.080574
pm2_5_pm10_ratio        0.074666
o3                      0.074041
aqi_trend               0.041177
hour                    0.033847
season                  0.029417
month                   0.025421
no                      0.021121
day                     0.019820
weekday                 0.012696
dtype: float64
2026-09-11 04:29:54.919 | INFO     | __main__:main:62 - Feature importance analysis completed.
2026-09-11 04:29:54.919 | INFO     | __main__:main:65 - Splitting data into train, validation, and test sets...
2026-09-11 04:29:54.922 | INFO     | __main__:main:68 - 
Train shape: 
(30363, 20)
 Val shape: (6506, 20)
 Test shape: (6507, 20)
2026-09-11 04:29:54.922 | INFO     | __main__:main:69 - Data splitting completed.
2026-09-11 04:29:54.923 | INFO     | __main__:main:72 - Saving features to CSV files...
2026-09-11 04:29:55.260 | INFO     | __main__:main:76 - Features saved successfully.
2026-09-12 04:22:05.065 | INFO     | __main__:main:29 - Starting feature pipeline...
2026-09-12 04:22:05.068 | INFO     | __main__:main:33 - Data downloading from API...
2026-09-12 04:22:05.432 | INFO     | src.data_fetcher:fetch_data:90 - ✅ Data pulled for 2016-01-01 - 2016-03-01
2026-09-12 04:22:10.597 | INFO     | src.data_fetcher:fetch_data:90 - ✅ Data pulled for 2016-03-02 - 2016-05-01
2026-09-12 04:22:15.922 | INFO     | src.data_fetcher:fetch_data:90 - ✅ Data pulled for 2016-05-02 - 2016-07-01
2026-09-12 04:22:21.087 | INFO     | src.data_fetcher:fetch_data:90 - ✅ Data pulled for 2016-07-02 - 2016-08-31
2026-09-12 04:22:26.272 | INFO     | src.data_fetcher:fetch_data:90 - ✅ Data pulled for 2016-09-01 - 2016-10-31
2026-09-12 04:22:31.480 | INFO     | src.data_fetcher:fetch_data:90 - ✅ Data pulled for 2016-11-01 - 2016-12-31
2026-09-12 04:22:36.750 | INFO     | src.data_fetcher:fetch_data:90 - ✅ Data pulled for 2017-01-01 - 2017-03-02
2026-09-12 04:22:41.934 | INFO     | src.data_fetcher:fetch_data:90 - ✅ Data pulled for 2017-03-03 - 2017-05-02
2026-09-12 04:22:47.097 | INFO     | src.data_fetcher:fetch_data:90 - ✅ Data pulled for 2017-05-03 - 2017-07-02
2026-09-12 04:22:52.454 | INFO     | src.data_fetcher:fetch_data:90 - ✅ Data pulled for 2017-07-03 - 2017-09-01
2026-09-12 04:22:57.613 | INFO     | src.data_fetcher:fetch_data:90 - ✅ Data pulled for 2017-09-02 - 2017-11-01
2026-09-12 04:23:02.772 | INFO     | src.data_fetcher:fetch_data:90 - ✅ Data pulled for 2017-11-02 - 2018-01-01
2026-09-12 04:23:07.931 | INFO     | src.data_fetcher:fetch_data:90 - ✅ Data pulled for 2018-01-02 - 2018-03-03
2026-09-12 04:23:13.111 | INFO     | src.data_fetcher:fetch_data:90 - ✅ Data pulled for 2018-03-04 - 2018-05-03
2026-09-12 04:23:18.300 | INFO     | src.data_fetcher:fetch_data:90 - ✅ Data pulled for 2018-05-04 - 2018-07-03
2026-09-12 04:23:23.466 | INFO     | src.data_fetcher:fetch_data:90 - ✅ Data pulled for 2018-07-04 - 2018-09-02
2026-09-12 04:23:28.621 | INFO     | src.data_fetcher:fetch_data:90 - ✅ Data pulled for 2018-09-03 - 2018-11-02
2026-09-12 04:23:33.801 | INFO     | src.data_fetcher:fetch_data:90 - ✅ Data pulled for 2018-11-03 - 2019-01-02
2026-09-12 04:23:38.962 | INFO     | src.data_fetcher:fetch_data:90 - ✅ Data pulled for 2019-01-03 - 2019-03-04
2026-09-12 04:23:44.146 | INFO     | src.data_fetcher:fetch_data:90 - ✅ Data pulled for 2019-03-05 - 2019-05-04
2026-09-12 04:23:49.332 | INFO     | src.data_fetcher:fetch_data:90 - ✅ Data pulled for 2019-05-05 - 2019-07-04
2026-09-12 04:23:54.493 | INFO     | src.data_fetcher:fetch_data:90 - ✅ Data pulled for 2019-07-05 - 2019-09-03
2026-09-12 04:23:59.648 | INFO     | src.data_fetcher:fetch_data:90 - ✅ Data pulled for 2019-09-04 - 2019-11-03
2026-09-12 04:24:04.828 | INFO     | src.data_fetcher:fetch_data:90 - ✅ Data pulled for 2019-11-04 - 2020-01-03
2026-09-12 04:24:09.992 | INFO     | src.data_fetcher:fetch_data:90 - ✅ Data pulled for 2020-01-04 - 2020-03-04
2026-09-12 04:24:15.154 | INFO     | src.data_fetcher:fetch_data:90 - ✅ Data pulled for 2020-03-05 - 2020-05-04
2026-09-12 04:24:20.334 | INFO     | src.data_fetcher:fetch_data:90 - ✅ Data pulled for 2020-05-05 - 2020-07-04
2026-09-12 04:24:25.561 | INFO     | src.data_fetcher:fetch_data:90 - ✅ Data pulled for 2020-07-05 - 2020-09-03
2026-09-12 04:24:30.727 | INFO     | src.data_fetcher:fetch_data:90 - ✅ Data pulled for 2020-09-04 - 2020-11-03
2026-09-12 04:24:36.494 | INFO     | src.data_fetcher:fetch_data:90 - ✅ Data pulled for 2020-11-04 - 2021-01-03
2026-09-12 04:24:42.419 | INFO     | src.data_fetcher:fetch_data:90 - ✅ Data pulled for 2021-01-04 - 2021-03-05
2026-09-12 04:24:48.113 | INFO     | src.data_fetcher:fetch_data:90 - ✅ Data pulled for 2021-03-06 - 2021-05-05
2026-09-12 04:24:53.889 | INFO     | src.data_fetcher:fetch_data:90 - ✅ Data pulled for 2021-05-06 - 2021-07-05
2026-09-12 04:24:59.813 | INFO     | src.data_fetcher:fetch_data:90 - ✅ Data pulled for 2021-07-06 - 2021-09-04
2026-09-12 04:25:05.547 | INFO     | src.data_fetcher:fetch_data:90 - ✅ Data pulled for 2021-09-05 - 2021-11-04
2026-09-12 04:25:11.387 | INFO     | src.data_fetcher:fetch_data:90 - ✅ Data pulled for 2021-11-05 - 2022-01-04
2026-09-12 04:25:17.107 | INFO     | src.data_fetcher:fetch_data:90 - ✅ Data pulled for 2022-01-05 - 2022-03-06
2026-09-12 04:25:22.818 | INFO     | src.data_fetcher:fetch_data:90 - ✅ Data pulled for 2022-03-07 - 2022-05-06
2026-09-12 04:25:28.595 | INFO     | src.data_fetcher:fetch_data:90 - ✅ Data pulled for 2022-05-07 - 2022-07-06
2026-09-12 04:25:34.297 | INFO     | src.data_fetcher:fetch_data:90 - ✅ Data pulled for 2022-07-07 - 2022-09-05
2026-09-12 04:25:40.042 | INFO     | src.data_fetcher:fetch_data:90 - ✅ Data pulled for 2022-09-06 - 2022-11-05
2026-09-12 04:25:45.902 | INFO     | src.data_fetcher:fetch_data:90 - ✅ Data pulled for 2022-11-06 - 2023-01-05
2026-09-12 04:25:51.792 | INFO     | src.data_fetcher:fetch_data:90 - ✅ Data pulled for 2023-01-06 - 2023-03-07
2026-09-12 04:25:57.522 | INFO     | src.data_fetcher:fetch_data:90 - ✅ Data pulled for 2023-03-08 - 2023-05-07
2026-09-12 04:26:03.410 | INFO     | src.data_fetcher:fetch_data:90 - ✅ Data pulled for 2023-05-08 - 2023-07-07
2026-09-12 04:26:09.165 | INFO     | src.data_fetcher:fetch_data:90 - ✅ Data pulled for 2023-07-08 - 2023-09-06
2026-09-12 04:26:15.096 | INFO     | src.data_fetcher:fetch_data:90 - ✅ Data pulled for 2023-09-07 - 2023-11-06
2026-09-12 04:26:20.995 | INFO     | src.data_fetcher:fetch_data:90 - ✅ Data pulled for 2023-11-07 - 2024-01-06
2026-09-12 04:26:26.719 | INFO     | src.data_fetcher:fetch_data:90 - ✅ Data pulled for 2024-01-07 - 2024-03-07
2026-09-12 04:26:32.518 | INFO     | src.data_fetcher:fetch_data:90 - ✅ Data pulled for 2024-03-08 - 2024-05-07
2026-09-12 04:26:38.403 | INFO     | src.data_fetcher:fetch_data:90 - ✅ Data pulled for 2024-05-08 - 2024-07-07
2026-09-12 04:26:44.118 | INFO     | src.data_fetcher:fetch_data:90 - ✅ Data pulled for 2024-07-08 - 2024-09-06
2026-09-12 04:26:49.854 | INFO     | src.data_fetcher:fetch_data:90 - ✅ Data pulled for 2024-09-07 - 2024-11-06
2026-09-12 04:26:55.577 | INFO     | src.data_fetcher:fetch_data:90 - ✅ Data pulled for 2024-11-07 - 2025-01-06
2026-09-12 04:27:01.268 | INFO     | src.data_fetcher:fetch_data:90 - ✅ Data pulled for 2025-01-07 - 2025-03-08
2026-09-12 04:27:07.234 | INFO     | src.data_fetcher:fetch_data:90 - ✅ Data pulled for 2025-03-09 - 2025-05-08
2026-09-12 04:27:12.986 | INFO     | src.data_fetcher:fetch_data:90 - ✅ Data pulled for 2025-05-09 - 2025-07-08
2026-09-12 04:27:18.797 | INFO     | src.data_fetcher:fetch_data:90 - ✅ Data pulled for 2025-07-09 - 2025-09-07
2026-09-12 04:27:25.384 | INFO     | src.data_fetcher:fetch_data:90 - ✅ Data pulled for 2025-09-08 - 2025-11-07
2026-09-12 04:27:32.125 | INFO     | src.data_fetcher:fetch_data:90 - ✅ Data pulled for 2025-11-08 - 2026-01-07
2026-09-12 04:27:37.802 | INFO     | src.data_fetcher:fetch_data:90 - ✅ Data pulled for 2026-01-08 - 2026-03-09
2026-09-12 04:27:43.648 | INFO     | src.data_fetcher:fetch_data:90 - ✅ Data pulled for 2026-03-10 - 2026-05-09
2026-09-12 04:27:49.498 | INFO     | src.data_fetcher:fetch_data:90 - ✅ Data pulled for 2026-05-10 - 2026-07-09
2026-09-12 04:27:55.551 | INFO     | src.data_fetcher:fetch_data:90 - ✅ Data pulled for 2026-07-10 - 2026-09-08
2026-09-12 04:28:00.840 | INFO     | src.data_fetcher:fetch_data:90 - ✅ Data pulled for 2026-09-09 - 2026-09-12
2026-09-12 04:28:06.129 | INFO     | src.data_fetcher:fetch_data:111 - ✔ AQI Data saved to `aqi_data_2016-2026.csv`
2026-09-12 04:28:06.134 | INFO     | __main__:main:35 - Data download completed...
2026-09-12 04:28:06.134 | INFO     | __main__:main:37 - Data Loading & Cleaning...
2026-09-12 04:28:06.314 | INFO     | src.data_cleaner:clean_data:84 - 
Data Quality Report:  
Total rows: 43376
Total columns: 10
2026-09-12 04:28:06.315 | INFO     | src.data_cleaner:clean_data:85 - 
Missing values after cleaning:  
timestamp    0
aqi          0
no           0
pm2_5        0
pm10         0
co           0
no2          0
so2          0
o3           0
nh3          0
dtype: int64
2026-09-12 04:28:06.316 | INFO     | src.data_cleaner:clean_data:86 - 
Data types: 
timestamp    datetime64[ns]
aqi                 float64
no                  float64
pm2_5               float64
pm10                float64
co                  float64
no2                 float64
so2                 float64
o3                  float64
nh3                 float64
dtype: object
2026-09-12 04:28:06.316 | INFO     | __main__:main:41 - Data Loading & Cleaning Completed.
2026-09-12 04:28:06.316 | INFO     | __main__:main:43 - Feature Engineering...
2026-09-12 04:28:06.410 | INFO     | __main__:main:46 - Feature Engineering Completed.
2026-09-12 04:28:06.410 | INFO     | __main__:main:48 - Feature Selection...
2026-09-12 04:28:06.410 | INFO     | __main__:main:50 - Performing correlation analysis...
2026-09-12 04:28:06.441 | INFO     | __main__:main:53 - 
Dropped highly correlated features: 
['pm2_5', 'pm10', 'nh3', 'aqi_above_3_count_24h']
2026-09-12 04:28:06.441 | INFO     | __main__:main:54 - Correlation analysis completed.
2026-09-12 04:28:06.441 | INFO     | __main__:main:58 - Feature importance analysis...
2026-09-12 04:28:10.192 | INFO     | __main__:main:61 - Top feature importances: 
co                      0.187359
aqi_rolling_mean_24h    0.161188
so2                     0.124951
no2                     0.113721
aqi_rolling_max_24h     0.080574
pm2_5_pm10_ratio        0.074666
o3                      0.074041
aqi_trend               0.041177
hour                    0.033847
season                  0.029417
month                   0.025421
no                      0.021121
day                     0.019820
weekday                 0.012696
dtype: float64
2026-09-12 04:28:10.193 | INFO     | __main__:main:62 - Feature importance analysis completed.
2026-09-12 04:28:10.193 | INFO     | __main__:main:65 - Splitting data into train, validation, and test sets...
2026-09-12 04:28:10.196 | INFO     | __main__:main:68 - 
Train shape: 
(30363, 20)
 Val shape: (6506, 20)
 Test shape: (6507, 20)
2026-09-12 04:28:10.197 | INFO     | __main__:main:69 - Data splitting completed.
2026-09-12 04:28:10.197 | INFO     | __main__:main:72 - Saving features to CSV files...
2026-09-12 04:28:10.567 | INFO     | __main__:main:76 - Features saved successfully.
2026-09-13 01:38:08.528 | INFO     | src.utils:read_processed_data:56 - Data read successfully from data/processed/train/aqi_train_data_v1.csv
2026-09-13 01:38:08.539 | INFO     | src.utils:read_processed_data:56 - Data read successfully from data/processed/val/aqi_val_data_v1.csv
2026-09-13 01:38:08.548 | INFO     | src.utils:read_processed_data:56 - Data read successfully from data/processed/test/aqi_test_data_v1.csv
2026-09-13 01:38:08.549 | INFO     | __main__:main:56 - Running training instance begins...
2026-09-13 01:38:08.549 | INFO     | src.train:train_model:463 - Training model...
2026-09-13 01:39:08.807 | ERROR    | __main__:run:35 - Error encountered: 
[95m
----NeptuneConnectionLostException---------------------------------------------------------
[0m
The connection to the Neptune server was lost.
If you are using the asynchronous (default) connection mode, Neptune continues to locally track your metadata and continuously tries to re-establish a connection to the Neptune servers.
If the connection is not re-established, you can upload your data later with the Neptune Command Line Interface tool:
    [95mneptune sync -p workspace_name/project_name[0m

What should I do?
    - Check if your computer is connected to the internet.
    - If your connection is unstable, consider working in offline mode:
        [96mrun = neptune.init_run(mode="offline")[0m

You can find detailed instructions on the following doc pages:
    - https://docs-legacy.neptune.ai/api/connection_modes/#offline-mode
    - https://docs-legacy.neptune.ai/api/neptune_sync/

You may also want to check the following docs page:
    - https://docs-legacy.neptune.ai/api/connection_modes/#connectivity-issues

[92mNeed help?[0m-> https://docs-legacy.neptune.ai/getting_help

2026-09-13 01:39:08.808 | INFO     | __main__:main:62 - Saving Model to Model Registry...
2026-09-13 01:39:08.808 | SUCCESS  | __main__:main:63 - Training instance complete...
2026-09-13 04:35:26.067 | INFO     | __main__:main:29 - Starting feature pipeline...
2026-09-13 04:35:26.071 | INFO     | __main__:main:33 - Data downloading from API...
2026-09-13 04:35:26.346 | INFO     | src.data_fetcher:fetch_data:90 - ✅ Data pulled for 2016-01-01 - 2016-03-01
2026-09-13 04:35:31.459 | INFO     | src.data_fetcher:fetch_data:90 - ✅ Data pulled for 2016-03-02 - 2016-05-01
2026-09-13 04:35:36.736 | INFO     | src.data_fetcher:fetch_data:90 - ✅ Data pulled for 2016-05-02 - 2016-07-01
2026-09-13 04:35:41.864 | INFO     | src.data_fetcher:fetch_data:90 - ✅ Data pulled for 2016-07-02 - 2016-08-31
2026-09-13 04:35:47.143 | INFO     | src.data_fetcher:fetch_data:90 - ✅ Data pulled for 2016-09-01 - 2016-10-31
2026-09-13 04:35:52.256 | INFO     | src.data_fetcher:fetch_data:90 - ✅ Data pulled for 2016-11-01 - 2016-12-31
2026-09-13 04:35:57.370 | INFO     | src.data_fetcher:fetch_data:90 - ✅ Data pulled for 2017-01-01 - 2017-03-02
2026-09-13 04:36:02.484 | INFO     | src.data_fetcher:fetch_data:90 - ✅ Data pulled for 2017-03-03 - 2017-05-02
2026-09-13 04:36:07.597 | INFO     | src.data_fetcher:fetch_data:90 - ✅ Data pulled for 2017-05-03 - 2017-07-02
2026-09-13 04:36:12.883 | INFO     | src.data_fetcher:fetch_data:90 - ✅ Data pulled for 2017-07-03 - 2017-09-01
2026-09-13 04:36:17.997 | INFO     | src.data_fetcher:fetch_data:90 - ✅ Data pulled for 2017-09-02 - 2017-11-01
2026-09-13 04:36:23.110 | INFO     | src.data_fetcher:fetch_data:90 - ✅ Data pulled for 2017-11-02 - 2018-01-01
2026-09-13 04:36:28.224 | INFO     | src.data_fetcher:fetch_data:90 - ✅ Data pulled for 2018-01-02 - 2018-03-03
2026-09-13 04:36:33.336 | INFO     | src.data_fetcher:fetch_data:90 - ✅ Data pulled for 2018-03-04 - 2018-05-03
2026-09-13 04:36:38.449 | INFO     | src.data_fetcher:fetch_data:90 - ✅ Data pulled for 2018-05-04 - 2018-07-03
2026-09-13 04:36:43.562 | INFO     | src.data_fetcher:fetch_data:90 - ✅ Data pulled for 2018-07-04 - 2018-09-02
2026-09-13 04:36:48.676 | INFO     | src.data_fetcher:fetch_data:90 - ✅ Data pulled for 2018-09-03 - 2018-11-02
2026-09-13 04:36:53.788 | INFO     | src.data_fetcher:fetch_data:90 - ✅ Data pulled for 2018-11-03 - 2019-01-02
2026-09-13 04:36:58.902 | INFO     | src.data_fetcher:fetch_data:90 - ✅ Data pulled for 2019-01-03 - 2019-03-04
2026-09-13 04:37:04.010 | INFO     | src.data_fetcher:fetch_data:90 - ✅ Data pulled for 2019-03-05 - 2019-05-04
2026-09-13 04:37:09.231 | INFO     | src.data_fetcher:fetch_data:90 - ✅ Data pulled for 2019-05-05 - 2019-07-04
2026-09-13 04:37:14.346 | INFO     | src.data_fetcher:fetch_data:90 - ✅ Data pulled for 2019-07-05 - 2019-09-03
2026-09-13 04:37:19.459 | INFO     | src.data_fetcher:fetch_data:90 - ✅ Data pulled for 2019-09-04 - 2019-11-03
2026-09-13 04:37:24.582 | INFO     | src.data_fetcher:fetch_data:90 - ✅ Data pulled for 2019-11-04 - 2020-01-03
2026-09-13 04:37:29.692 | INFO     | src.data_fetcher:fetch_data:90 - ✅ Data pulled for 2020-01-04 - 2020-03-04
2026-09-13 04:37:34.805 | INFO     | src.data_fetcher:fetch_data:90 - ✅ Data pulled for 2020-03-05 - 2020-05-04
2026-09-13 04:37:39.918 | INFO     | src.data_fetcher:fetch_data:90 - ✅ Data pulled for 2020-05-05 - 2020-07-04
2026-09-13 04:37:45.081 | INFO     | src.data_fetcher:fetch_data:90 - ✅ Data pulled for 2020-07-05 - 2020-09-03
2026-09-13 04:37:50.195 | INFO     | src.data_fetcher:fetch_data:90 - ✅ Data pulled for 2020-09-04 - 2020-11-03
2026-09-13 04:37:55.796 | INFO     | src.data_fetcher:fetch_data:90 - ✅ Data pulled for 2020-11-04 - 2021-01-03
2026-09-13 04:38:01.592 | INFO     | src.data_fetcher:fetch_data:90 - ✅ Data pulled for 2021-01-04 - 2021-03-05
2026-09-13 04:38:07.139 | INFO     | src.data_fetcher:fetch_data:90 - ✅ Data pulled for 2021-03-06 - 2021-05-05
2026-09-13 04:38:12.717 | INFO     | src.data_fetcher:fetch_data:90 - ✅ Data pulled for 2021-05-06 - 2021-07-05
2026-09-13 04:38:18.280 | INFO     | src.data_fetcher:fetch_data:90 - ✅ Data pulled for 2021-07-06 - 2021-09-04
2026-09-13 04:38:23.897 | INFO     | src.data_fetcher:fetch_data:90 - ✅ Data pulled for 2021-09-05 - 2021-11-04
2026-09-13 04:38:29.837 | INFO     | src.data_fetcher:fetch_data:90 - ✅ Data pulled for 2021-11-05 - 2022-01-04
2026-09-13 04:38:35.440 | INFO     | src.data_fetcher:fetch_data:90 - ✅ Data pulled for 2022-01-05 - 2022-03-06
2026-09-13 04:38:41.361 | INFO     | src.data_fetcher:fetch_data:90 - ✅ Data pulled for 2022-03-07 - 2022-05-06
2026-09-13 04:38:48.142 | INFO     | src.data_fetcher:fetch_data:90 - ✅ Data pulled for 2022-05-07 - 2022-07-06
2026-09-13 04:38:54.053 | INFO     | src.data_fetcher:fetch_data:90 - ✅ Data pulled for 2022-07-07 - 2022-09-05
2026-09-13 04:38:59.669 | INFO     | src.data_fetcher:fetch_data:90 - ✅ Data pulled for 2022-09-06 - 2022-11-05
2026-09-13 04:39:05.414 | INFO     | src.data_fetcher:fetch_data:90 - ✅ Data pulled for 2022-11-06 - 2023-01-05
2026-09-13 04:39:10.988 | INFO     | src.data_fetcher:fetch_data:90 - ✅ Data pulled for 2023-01-06 - 2023-03-07
2026-09-13 04:39:16.629 | INFO     | src.data_fetcher:fetch_data:90 - ✅ Data pulled for 2023-03-08 - 2023-05-07
2026-09-13 04:39:22.239 | INFO     | src.data_fetcher:fetch_data:90 - ✅ Data pulled for 2023-05-08 - 2023-07-07
2026-09-13 04:39:27.993 | INFO     | src.data_fetcher:fetch_data:90 - ✅ Data pulled for 2023-07-08 - 2023-09-06
2026-09-13 04:39:34.076 | INFO     | src.data_fetcher:fetch_data:90 - ✅ Data pulled for 2023-09-07 - 2023-11-06
2026-09-13 04:39:39.666 | INFO     | src.data_fetcher:fetch_data:90 - ✅ Data pulled for 2023-11-07 - 2024-01-06
2026-09-13 04:39:45.247 | INFO     | src.data_fetcher:fetch_data:90 - ✅ Data pulled for 2024-01-07 - 2024-03-07
2026-09-13 04:39:51.494 | INFO     | src.data_fetcher:fetch_data:90 - ✅ Data pulled for 2024-03-08 - 2024-05-07
2026-09-13 04:39:57.103 | INFO     | src.data_fetcher:fetch_data:90 - ✅ Data pulled for 2024-05-08 - 2024-07-07
2026-09-13 04:40:02.667 | INFO     | src.data_fetcher:fetch_data:90 - ✅ Data pulled for 2024-07-08 - 2024-09-06
2026-09-13 04:40:08.269 | INFO     | src.data_fetcher:fetch_data:90 - ✅ Data pulled for 2024-09-07 - 2024-11-06
2026-09-13 04:40:14.122 | INFO     | src.data_fetcher:fetch_data:90 - ✅ Data pulled for 2024-11-07 - 2025-01-06
2026-09-13 04:40:19.955 | INFO     | src.data_fetcher:fetch_data:90 - ✅ Data pulled for 2025-01-07 - 2025-03-08
2026-09-13 04:40:25.508 | INFO     | src.data_fetcher:fetch_data:90 - ✅ Data pulled for 2025-03-09 - 2025-05-08
2026-09-13 04:40:31.266 | INFO     | src.data_fetcher:fetch_data:90 - ✅ Data pulled for 2025-05-09 - 2025-07-08
2026-09-13 04:40:37.945 | INFO     | src.data_fetcher:fetch_data:90 - ✅ Data pulled for 2025-07-09 - 2025-09-07
2026-09-13 04:40:43.552 | INFO     | src.data_fetcher:fetch_data:90 - ✅ Data pulled for 2025-09-08 - 2025-11-07
2026-09-13 04:40:49.134 | INFO     | src.data_fetcher:fetch_data:90 - ✅ Data pulled for 2025-11-08 - 2026-01-07
2026-09-13 04:40:54.685 | INFO     | src.data_fetcher:fetch_data:90 - ✅ Data pulled for 2026-01-08 - 2026-03-09
2026-09-13 04:41:00.350 | INFO     | src.data_fetcher:fetch_data:90 - ✅ Data pulled for 2026-03-10 - 2026-05-09
2026-09-13 04:41:06.104 | INFO     | src.data_fetcher:fetch_data:90 - ✅ Data pulled for 2026-05-10 - 2026-07-09
2026-09-13 04:41:11.941 | INFO     | src.data_fetcher:fetch_data:90 - ✅ Data pulled for 2026-07-10 - 2026-09-08
2026-09-13 04:41:17.149 | INFO     | src.data_fetcher:fetch_data:90 - ✅ Data pulled for 2026-09-09 - 2026-09-13
2026-09-13 04:41:22.499 | INFO     | src.data_fetcher:fetch_data:111 - ✔ AQI Data saved to `aqi_data_2016-2026.csv`
2026-09-13 04:41:22.508 | INFO     | __main__:main:35 - Data download completed...
2026-09-13 04:41:22.509 | INFO     | __main__:main:37 - Data Loading & Cleaning...
2026-09-13 04:41:22.660 | INFO     | src.data_cleaner:clean_data:84 - 
Data Quality Report:  
Total rows: 43376
Total columns: 10
2026-09-13 04:41:22.662 | INFO     | src.data_cleaner:clean_data:85 - 
Missing values after cleaning:  
timestamp    0
aqi          0
no           0
pm2_5        0
pm10         0
co           0
no2          0
so2          0
o3           0
nh3          0
dtype: int64
2026-09-13 04:41:22.663 | INFO     | src.data_cleaner:clean_data:86 - 
Data types: 
timestamp    datetime64[ns]
aqi                 float64
no                  float64
pm2_5               float64
pm10                float64
co                  float64
no2                 float64
so2                 float64
o3                  float64
nh3                 float64
dtype: object
2026-09-13 04:41:22.663 | INFO     | __main__:main:41 - Data Loading & Cleaning Completed.
2026-09-13 04:41:22.663 | INFO     | __main__:main:43 - Feature Engineering...
2026-09-13 04:41:22.808 | INFO     | __main__:main:46 - Feature Engineering Completed.
2026-09-13 04:41:22.809 | INFO     | __main__:main:48 - Feature Selection...
2026-09-13 04:41:22.809 | INFO     | __main__:main:50 - Performing correlation analysis...
2026-09-13 04:41:22.843 | INFO     | __main__:main:53 - 
Dropped highly correlated features: 
['pm2_5', 'pm10', 'nh3', 'aqi_above_3_count_24h']
2026-09-13 04:41:22.844 | INFO     | __main__:main:54 - Correlation analysis completed.
2026-09-13 04:41:22.844 | INFO     | __main__:main:58 - Feature importance analysis...
2026-09-13 04:41:27.389 | INFO     | __main__:main:61 - Top feature importances: 
co                      0.187359
aqi_rolling_mean_24h    0.161188
so2                     0.124951
no2                     0.113721
aqi_rolling_max_24h     0.080574
pm2_5_pm10_ratio        0.074666
o3                      0.074041
aqi_trend               0.041177
hour                    0.033847
season                  0.029417
month                   0.025421
no                      0.021121
day                     0.019820
weekday                 0.012696
dtype: float64
2026-09-13 04:41:27.389 | INFO     | __main__:main:62 - Feature importance analysis completed.
2026-09-13 04:41:27.390 | INFO     | __main__:main:65 - Splitting data into train, validation, and test sets...
2026-09-13 04:41:27.393 | INFO     | __main__:main:68 - 
Train shape: 
(30363, 20)
 Val shape: (6506, 20)
 Test shape: (6507, 20)
2026-09-13 04:41:27.393 | INFO     | __main__:main:69 - Data splitting completed.
2026-09-13 04:41:27.393 | INFO     | __main__:main:72 - Saving features to CSV files...
2026-09-13 04:41:27.816 | INFO     | __main__:main:76 - Features saved successfully.
2026-09-14 04:41:37.796 | INFO     | __main__:main:29 - Starting feature pipeline...
2026-09-14 04:41:37.799 | INFO     | __main__:main:33 - Data downloading from API...
2026-09-14 04:41:38.340 | INFO     | src.data_fetcher:fetch_data:90 - ✅ Data pulled for 2016-01-01 - 2016-03-01
2026-09-14 04:41:43.570 | INFO     | src.data_fetcher:fetch_data:90 - ✅ Data pulled for 2016-03-02 - 2016-05-01
2026-09-14 04:41:48.798 | INFO     | src.data_fetcher:fetch_data:90 - ✅ Data pulled for 2016-05-02 - 2016-07-01
2026-09-14 04:41:54.316 | INFO     | src.data_fetcher:fetch_data:90 - ✅ Data pulled for 2016-07-02 - 2016-08-31
2026-09-14 04:41:59.832 | INFO     | src.data_fetcher:fetch_data:90 - ✅ Data pulled for 2016-09-01 - 2016-10-31
2026-09-14 04:42:05.062 | INFO     | src.data_fetcher:fetch_data:90 - ✅ Data pulled for 2016-11-01 - 2016-12-31
2026-09-14 04:42:10.580 | INFO     | src.data_fetcher:fetch_data:90 - ✅ Data pulled for 2017-01-01 - 2017-03-02
2026-09-14 04:42:15.808 | INFO     | src.data_fetcher:fetch_data:90 - ✅ Data pulled for 2017-03-03 - 2017-05-02
2026-09-14 04:42:21.041 | INFO     | src.data_fetcher:fetch_data:90 - ✅ Data pulled for 2017-05-03 - 2017-07-02
2026-09-14 04:42:26.270 | INFO     | src.data_fetcher:fetch_data:90 - ✅ Data pulled for 2017-07-03 - 2017-09-01
2026-09-14 04:42:31.544 | INFO     | src.data_fetcher:fetch_data:90 - ✅ Data pulled for 2017-09-02 - 2017-11-01
2026-09-14 04:42:36.770 | INFO     | src.data_fetcher:fetch_data:90 - ✅ Data pulled for 2017-11-02 - 2018-01-01
2026-09-14 04:42:42.003 | INFO     | src.data_fetcher:fetch_data:90 - ✅ Data pulled for 2018-01-02 - 2018-03-03
2026-09-14 04:42:47.226 | INFO     | src.data_fetcher:fetch_data:90 - ✅ Data pulled for 2018-03-04 - 2018-05-03
2026-09-14 04:42:52.455 | INFO     | src.data_fetcher:fetch_data:90 - ✅ Data pulled for 2018-05-04 - 2018-07-03
2026-09-14 04:42:57.686 | INFO     | src.data_fetcher:fetch_data:90 - ✅ Data pulled for 2018-07-04 - 2018-09-02
2026-09-14 04:43:02.916 | INFO     | src.data_fetcher:fetch_data:90 - ✅ Data pulled for 2018-09-03 - 2018-11-02
2026-09-14 04:43:08.144 | INFO     | src.data_fetcher:fetch_data:90 - ✅ Data pulled for 2018-11-03 - 2019-01-02
2026-09-14 04:43:13.370 | INFO     | src.data_fetcher:fetch_data:90 - ✅ Data pulled for 2019-01-03 - 2019-03-04
2026-09-14 04:43:18.598 | INFO     | src.data_fetcher:fetch_data:90 - ✅ Data pulled for 2019-03-05 - 2019-05-04
2026-09-14 04:43:23.826 | INFO     | src.data_fetcher:fetch_data:90 - ✅ Data pulled for 2019-05-05 - 2019-07-04
2026-09-14 04:43:29.056 | INFO     | src.data_fetcher:fetch_data:90 - ✅ Data pulled for 2019-07-05 - 2019-09-03
2026-09-14 04:43:34.573 | INFO     | src.data_fetcher:fetch_data:90 - ✅ Data pulled for 2019-09-04 - 2019-11-03
2026-09-14 04:43:39.802 | INFO     | src.data_fetcher:fetch_data:90 - ✅ Data pulled for 2019-11-04 - 2020-01-03
2026-09-14 04:43:45.029 | INFO     | src.data_fetcher:fetch_data:90 - ✅ Data pulled for 2020-01-04 - 2020-03-04
2026-09-14 04:43:50.258 | INFO     | src.data_fetcher:fetch_data:90 - ✅ Data pulled for 2020-03-05 - 2020-05-04
2026-09-14 04:43:55.505 | INFO     | src.data_fetcher:fetch_data:90 - ✅ Data pulled for 2020-05-05 - 2020-07-04
2026-09-14 04:44:00.769 | INFO     | src.data_fetcher:fetch_data:90 - ✅ Data pulled for 2020-07-05 - 2020-09-03
2026-09-14 04:44:06.631 | INFO     | src.data_fetcher:fetch_data:90 - ✅ Data pulled for 2020-09-04 - 2020-11-03
2026-09-14 04:44:12.651 | INFO     | src.data_fetcher:fetch_data:90 - ✅ Data pulled for 2020-11-04 - 2021-01-03
2026-09-14 04:44:18.736 | INFO     | src.data_fetcher:fetch_data:90 - ✅ Data pulled for 2021-01-04 - 2021-03-05
2026-09-14 04:44:24.817 | INFO     | src.data_fetcher:fetch_data:90 - ✅ Data pulled for 2021-03-06 - 2021-05-05
2026-09-14 04:44:30.962 | INFO     | src.data_fetcher:fetch_data:90 - ✅ Data pulled for 2021-05-06 - 2021-07-05
2026-09-14 04:44:37.195 | INFO     | src.data_fetcher:fetch_data:90 - ✅ Data pulled for 2021-07-06 - 2021-09-04
2026-09-14 04:44:42.679 | INFO     | src.data_fetcher:fetch_data:90 - ✅ Data pulled for 2021-09-05 - 2021-11-04
2026-09-14 04:44:48.881 | INFO     | src.data_fetcher:fetch_data:90 - ✅ Data pulled for 2021-11-05 - 2022-01-04
2026-09-14 04:44:54.996 | INFO     | src.data_fetcher:fetch_data:90 - ✅ Data pulled for 2022-01-05 - 2022-03-06
2026-09-14 04:45:01.120 | INFO     | src.data_fetcher:fetch_data:90 - ✅ Data pulled for 2022-03-07 - 2022-05-06
2026-09-14 04:45:07.230 | INFO     | src.data_fetcher:fetch_data:90 - ✅ Data pulled for 2022-05-07 - 2022-07-06
2026-09-14 04:45:13.329 | INFO     | src.data_fetcher:fetch_data:90 - ✅ Data pulled for 2022-07-07 - 2022-09-05
2026-09-14 04:45:19.468 | INFO     | src.data_fetcher:fetch_data:90 - ✅ Data pulled for 2022-09-06 - 2022-11-05
2026-09-14 04:45:25.504 | INFO     | src.data_fetcher:fetch_data:90 - ✅ Data pulled for 2022-11-06 - 2023-01-05
2026-09-14 04:45:32.315 | INFO     | src.data_fetcher:fetch_data:90 - ✅ Data pulled for 2023-01-06 - 2023-03-07
2026-09-14 04:45:38.662 | INFO     | src.data_fetcher:fetch_data:90 - ✅ Data pulled for 2023-03-08 - 2023-05-07
2026-09-14 04:45:45.107 | INFO     | src.data_fetcher:fetch_data:90 - ✅ Data pulled for 2023-05-08 - 2023-07-07
2026-09-14 04:45:51.320 | INFO     | src.data_fetcher:fetch_data:90 - ✅ Data pulled for 2023-07-08 - 2023-09-06
2026-09-14 04:45:57.444 | INFO     | src.data_fetcher:fetch_data:90 - ✅ Data pulled for 2023-09-07 - 2023-11-06
2026-09-14 04:46:03.889 | INFO     | src.data_fetcher:fetch_data:90 - ✅ Data pulled for 2023-11-07 - 2024-01-06
2026-09-14 04:46:09.930 | INFO     | src.data_fetcher:fetch_data:90 - ✅ Data pulled for 2024-01-07 - 2024-03-07
2026-09-14 04:46:16.030 | INFO     | src.data_fetcher:fetch_data:90 - ✅ Data pulled for 2024-03-08 - 2024-05-07
2026-09-14 04:46:22.636 | INFO     | src.data_fetcher:fetch_data:90 - ✅ Data pulled for 2024-05-08 - 2024-07-07
2026-09-14 04:46:28.758 | INFO     | src.data_fetcher:fetch_data:90 - ✅ Data pulled for 2024-07-08 - 2024-09-06
2026-09-14 04:46:34.817 | INFO     | src.data_fetcher:fetch_data:90 - ✅ Data pulled for 2024-09-07 - 2024-11-06
2026-09-14 04:46:41.138 | INFO     | src.data_fetcher:fetch_data:90 - ✅ Data pulled for 2024-11-07 - 2025-01-06
2026-09-14 04:46:47.211 | INFO     | src.data_fetcher:fetch_data:90 - ✅ Data pulled for 2025-01-07 - 2025-03-08
2026-09-14 04:46:53.296 | INFO     | src.data_fetcher:fetch_data:90 - ✅ Data pulled for 2025-03-09 - 2025-05-08
2026-09-14 04:46:59.541 | INFO     | src.data_fetcher:fetch_data:90 - ✅ Data pulled for 2025-05-09 - 2025-07-08
2026-09-14 04:47:05.703 | INFO     | src.data_fetcher:fetch_data:90 - ✅ Data pulled for 2025-07-09 - 2025-09-07
2026-09-14 04:47:12.137 | INFO     | src.data_fetcher:fetch_data:90 - ✅ Data pulled for 2025-09-08 - 2025-11-07
2026-09-14 04:47:18.467 | INFO     | src.data_fetcher:fetch_data:90 - ✅ Data pulled for 2025-11-08 - 2026-01-07
2026-09-14 04:47:24.549 | INFO     | src.data_fetcher:fetch_data:90 - ✅ Data pulled for 2026-01-08 - 2026-03-09
2026-09-14 04:47:30.729 | INFO     | src.data_fetcher:fetch_data:90 - ✅ Data pulled for 2026-03-10 - 2026-05-09
2026-09-14 04:47:36.903 | INFO     | src.data_fetcher:fetch_data:90 - ✅ Data pulled for 2026-05-10 - 2026-07-09
2026-09-14 04:47:43.140 | INFO     | src.data_fetcher:fetch_data:90 - ✅ Data pulled for 2026-07-10 - 2026-09-08
2026-09-14 04:47:48.576 | INFO     | src.data_fetcher:fetch_data:90 - ✅ Data pulled for 2026-09-09 - 2026-09-14
2026-09-14 04:47:53.947 | INFO     | src.data_fetcher:fetch_data:111 - ✔ AQI Data saved to `aqi_data_2016-2026.csv`
2026-09-14 04:47:53.957 | INFO     | __main__:main:35 - Data download completed...
2026-09-14 04:47:53.957 | INFO     | __main__:main:37 - Data Loading & Cleaning...
2026-09-14 04:47:54.123 | INFO     | src.data_cleaner:clean_data:84 - 
Data Quality Report:  
Total rows: 43376
Total columns: 10
2026-09-14 04:47:54.125 | INFO     | src.data_cleaner:clean_data:85 - 
Missing values after cleaning:  
timestamp    0
aqi          0
no           0
pm2_5        0
pm10         0
co           0
no2          0
so2          0
o3           0
nh3          0
dtype: int64
2026-09-14 04:47:54.125 | INFO     | src.data_cleaner:clean_data:86 - 
Data types: 
timestamp    datetime64[ns]
aqi                 float64
no                  float64
pm2_5               float64
pm10                float64
co                  float64
no2                 float64
so2                 float64
o3                  float64
nh3                 float64
dtype: object
2026-09-14 04:47:54.126 | INFO     | __main__:main:41 - Data Loading & Cleaning Completed.
2026-09-14 04:47:54.126 | INFO     | __main__:main:43 - Feature Engineering...
2026-09-14 04:47:54.272 | INFO     | __main__:main:46 - Feature Engineering Completed.
2026-09-14 04:47:54.272 | INFO     | __main__:main:48 - Feature Selection...
2026-09-14 04:47:54.272 | INFO     | __main__:main:50 - Performing correlation analysis...
2026-09-14 04:47:54.308 | INFO     | __main__:main:53 - 
Dropped highly correlated features: 
['pm2_5', 'pm10', 'nh3', 'aqi_above_3_count_24h']
2026-09-14 04:47:54.309 | INFO     | __main__:main:54 - Correlation analysis completed.
2026-09-14 04:47:54.309 | INFO     | __main__:main:58 - Feature importance analysis...
2026-09-14 04:47:59.021 | INFO     | __main__:main:61 - Top feature importances: 
co                      0.187359
aqi_rolling_mean_24h    0.161188
so2                     0.124951
no2                     0.113721
aqi_rolling_max_24h     0.080574
pm2_5_pm10_ratio        0.074666
o3                      0.074041
aqi_trend               0.041177
hour                    0.033847
season                  0.029417
month                   0.025421
no                      0.021121
day                     0.019820
weekday                 0.012696
dtype: float64
2026-09-14 04:47:59.021 | INFO     | __main__:main:62 - Feature importance analysis completed.
2026-09-14 04:47:59.021 | INFO     | __main__:main:65 - Splitting data into train, validation, and test sets...
2026-09-14 04:47:59.025 | INFO     | __main__:main:68 - 
Train shape: 
(30363, 20)
 Val shape: (6506, 20)
 Test shape: (6507, 20)
2026-09-14 04:47:59.025 | INFO     | __main__:main:69 - Data splitting completed.
2026-09-14 04:47:59.025 | INFO     | __main__:main:72 - Saving features to CSV files...
2026-09-14 04:47:59.474 | INFO     | __main__:main:76 - Features saved successfully.
2026-09-15 04:42:23.976 | INFO     | __main__:main:29 - Starting feature pipeline...
2026-09-15 04:42:23.980 | INFO     | __main__:main:33 - Data downloading from API...
2026-09-15 04:42:24.474 | INFO     | src.data_fetcher:fetch_data:90 - ✅ Data pulled for 2016-01-01 - 2016-03-01
2026-09-15 04:42:29.778 | INFO     | src.data_fetcher:fetch_data:90 - ✅ Data pulled for 2016-03-02 - 2016-05-01
2026-09-15 04:42:35.066 | INFO     | src.data_fetcher:fetch_data:90 - ✅ Data pulled for 2016-05-02 - 2016-07-01
2026-09-15 04:42:40.211 | INFO     | src.data_fetcher:fetch_data:90 - ✅ Data pulled for 2016-07-02 - 2016-08-31
2026-09-15 04:42:45.351 | INFO     | src.data_fetcher:fetch_data:90 - ✅ Data pulled for 2016-09-01 - 2016-10-31
2026-09-15 04:42:50.488 | INFO     | src.data_fetcher:fetch_data:90 - ✅ Data pulled for 2016-11-01 - 2016-12-31
2026-09-15 04:42:55.628 | INFO     | src.data_fetcher:fetch_data:90 - ✅ Data pulled for 2017-01-01 - 2017-03-02
2026-09-15 04:43:00.768 | INFO     | src.data_fetcher:fetch_data:90 - ✅ Data pulled for 2017-03-03 - 2017-05-02
2026-09-15 04:43:05.904 | INFO     | src.data_fetcher:fetch_data:90 - ✅ Data pulled for 2017-05-03 - 2017-07-02
2026-09-15 04:43:11.209 | INFO     | src.data_fetcher:fetch_data:90 - ✅ Data pulled for 2017-07-03 - 2017-09-01
2026-09-15 04:43:16.349 | INFO     | src.data_fetcher:fetch_data:90 - ✅ Data pulled for 2017-09-02 - 2017-11-01
2026-09-15 04:43:21.485 | INFO     | src.data_fetcher:fetch_data:90 - ✅ Data pulled for 2017-11-02 - 2018-01-01
2026-09-15 04:43:26.625 | INFO     | src.data_fetcher:fetch_data:90 - ✅ Data pulled for 2018-01-02 - 2018-03-03
2026-09-15 04:43:31.764 | INFO     | src.data_fetcher:fetch_data:90 - ✅ Data pulled for 2018-03-04 - 2018-05-03
2026-09-15 04:43:36.900 | INFO     | src.data_fetcher:fetch_data:90 - ✅ Data pulled for 2018-05-04 - 2018-07-03
2026-09-15 04:43:42.041 | INFO     | src.data_fetcher:fetch_data:90 - ✅ Data pulled for 2018-07-04 - 2018-09-02
2026-09-15 04:43:47.184 | INFO     | src.data_fetcher:fetch_data:90 - ✅ Data pulled for 2018-09-03 - 2018-11-02
2026-09-15 04:43:52.320 | INFO     | src.data_fetcher:fetch_data:90 - ✅ Data pulled for 2018-11-03 - 2019-01-02
2026-09-15 04:43:57.465 | INFO     | src.data_fetcher:fetch_data:90 - ✅ Data pulled for 2019-01-03 - 2019-03-04
2026-09-15 04:44:02.604 | INFO     | src.data_fetcher:fetch_data:90 - ✅ Data pulled for 2019-03-05 - 2019-05-04
2026-09-15 04:44:07.740 | INFO     | src.data_fetcher:fetch_data:90 - ✅ Data pulled for 2019-05-05 - 2019-07-04
2026-09-15 04:44:12.880 | INFO     | src.data_fetcher:fetch_data:90 - ✅ Data pulled for 2019-07-05 - 2019-09-03
2026-09-15 04:44:18.019 | INFO     | src.data_fetcher:fetch_data:90 - ✅ Data pulled for 2019-09-04 - 2019-11-03
2026-09-15 04:44:23.156 | INFO     | src.data_fetcher:fetch_data:90 - ✅ Data pulled for 2019-11-04 - 2020-01-03
2026-09-15 04:44:28.294 | INFO     | src.data_fetcher:fetch_data:90 - ✅ Data pulled for 2020-01-04 - 2020-03-04
2026-09-15 04:44:33.434 | INFO     | src.data_fetcher:fetch_data:90 - ✅ Data pulled for 2020-03-05 - 2020-05-04
2026-09-15 04:44:38.570 | INFO     | src.data_fetcher:fetch_data:90 - ✅ Data pulled for 2020-05-05 - 2020-07-04
2026-09-15 04:44:43.761 | INFO     | src.data_fetcher:fetch_data:90 - ✅ Data pulled for 2020-07-05 - 2020-09-03
2026-09-15 04:44:48.973 | INFO     | src.data_fetcher:fetch_data:90 - ✅ Data pulled for 2020-09-04 - 2020-11-03
2026-09-15 04:44:54.834 | INFO     | src.data_fetcher:fetch_data:90 - ✅ Data pulled for 2020-11-04 - 2021-01-03
2026-09-15 04:45:00.513 | INFO     | src.data_fetcher:fetch_data:90 - ✅ Data pulled for 2021-01-04 - 2021-03-05
2026-09-15 04:45:06.146 | INFO     | src.data_fetcher:fetch_data:90 - ✅ Data pulled for 2021-03-06 - 2021-05-05
2026-09-15 04:45:11.874 | INFO     | src.data_fetcher:fetch_data:90 - ✅ Data pulled for 2021-05-06 - 2021-07-05
2026-09-15 04:45:17.523 | INFO     | src.data_fetcher:fetch_data:90 - ✅ Data pulled for 2021-07-06 - 2021-09-04
2026-09-15 04:45:23.254 | INFO     | src.data_fetcher:fetch_data:90 - ✅ Data pulled for 2021-09-05 - 2021-11-04
2026-09-15 04:45:29.197 | INFO     | src.data_fetcher:fetch_data:90 - ✅ Data pulled for 2021-11-05 - 2022-01-04
2026-09-15 04:45:34.864 | INFO     | src.data_fetcher:fetch_data:90 - ✅ Data pulled for 2022-01-05 - 2022-03-06
2026-09-15 04:45:40.515 | INFO     | src.data_fetcher:fetch_data:90 - ✅ Data pulled for 2022-03-07 - 2022-05-06
2026-09-15 04:45:46.153 | INFO     | src.data_fetcher:fetch_data:90 - ✅ Data pulled for 2022-05-07 - 2022-07-06
2026-09-15 04:45:51.887 | INFO     | src.data_fetcher:fetch_data:90 - ✅ Data pulled for 2022-07-07 - 2022-09-05
2026-09-15 04:45:57.577 | INFO     | src.data_fetcher:fetch_data:90 - ✅ Data pulled for 2022-09-06 - 2022-11-05
2026-09-15 04:46:03.580 | INFO     | src.data_fetcher:fetch_data:90 - ✅ Data pulled for 2022-11-06 - 2023-01-05
2026-09-15 04:46:09.320 | INFO     | src.data_fetcher:fetch_data:90 - ✅ Data pulled for 2023-01-06 - 2023-03-07
2026-09-15 04:46:15.090 | INFO     | src.data_fetcher:fetch_data:90 - ✅ Data pulled for 2023-03-08 - 2023-05-07
2026-09-15 04:46:20.890 | INFO     | src.data_fetcher:fetch_data:90 - ✅ Data pulled for 2023-05-08 - 2023-07-07
2026-09-15 04:46:26.597 | INFO     | src.data_fetcher:fetch_data:90 - ✅ Data pulled for 2023-07-08 - 2023-09-06
2026-09-15 04:46:32.231 | INFO     | src.data_fetcher:fetch_data:90 - ✅ Data pulled for 2023-09-07 - 2023-11-06
2026-09-15 04:46:38.047 | INFO     | src.data_fetcher:fetch_data:90 - ✅ Data pulled for 2023-11-07 - 2024-01-06
2026-09-15 04:46:43.882 | INFO     | src.data_fetcher:fetch_data:90 - ✅ Data pulled for 2024-01-07 - 2024-03-07
2026-09-15 04:46:49.553 | INFO     | src.data_fetcher:fetch_data:90 - ✅ Data pulled for 2024-03-08 - 2024-05-07
2026-09-15 04:46:55.243 | INFO     | src.data_fetcher:fetch_data:90 - ✅ Data pulled for 2024-05-08 - 2024-07-07
2026-09-15 04:47:00.907 | INFO     | src.data_fetcher:fetch_data:90 - ✅ Data pulled for 2024-07-08 - 2024-09-06
2026-09-15 04:47:06.556 | INFO     | src.data_fetcher:fetch_data:90 - ✅ Data pulled for 2024-09-07 - 2024-11-06
2026-09-15 04:47:12.235 | INFO     | src.data_fetcher:fetch_data:90 - ✅ Data pulled for 2024-11-07 - 2025-01-06
2026-09-15 04:47:17.889 | INFO     | src.data_fetcher:fetch_data:90 - ✅ Data pulled for 2025-01-07 - 2025-03-08
2026-09-15 04:47:23.518 | INFO     | src.data_fetcher:fetch_data:90 - ✅ Data pulled for 2025-03-09 - 2025-05-08
2026-09-15 04:47:29.422 | INFO     | src.data_fetcher:fetch_data:90 - ✅ Data pulled for 2025-05-09 - 2025-07-08
2026-09-15 04:47:35.448 | INFO     | src.data_fetcher:fetch_data:90 - ✅ Data pulled for 2025-07-09 - 2025-09-07
2026-09-15 04:47:41.196 | INFO     | src.data_fetcher:fetch_data:90 - ✅ Data pulled for 2025-09-08 - 2025-11-07
2026-09-15 04:47:46.952 | INFO     | src.data_fetcher:fetch_data:90 - ✅ Data pulled for 2025-11-08 - 2026-01-07
2026-09-15 04:47:53.153 | INFO     | src.data_fetcher:fetch_data:90 - ✅ Data pulled for 2026-01-08 - 2026-03-09
2026-09-15 04:47:59.212 | INFO     | src.data_fetcher:fetch_data:90 - ✅ Data pulled for 2026-03-10 - 2026-05-09
2026-09-15 04:48:05.005 | INFO     | src.data_fetcher:fetch_data:90 - ✅ Data pulled for 2026-05-10 - 2026-07-09
2026-09-15 04:48:11.009 | INFO     | src.data_fetcher:fetch_data:90 - ✅ Data pulled for 2026-07-10 - 2026-09-08
2026-09-15 04:48:16.289 | INFO     | src.data_fetcher:fetch_data:90 - ✅ Data pulled for 2026-09-09 - 2026-09-15
2026-09-15 04:48:21.644 | INFO     | src.data_fetcher:fetch_data:111 - ✔ AQI Data saved to `aqi_data_2016-2026.csv`
2026-09-15 04:48:21.655 | INFO     | __main__:main:35 - Data download completed...
2026-09-15 04:48:21.656 | INFO     | __main__:main:37 - Data Loading & Cleaning...
2026-09-15 04:48:21.774 | INFO     | src.data_cleaner:clean_data:84 - 
Data Quality Report:  
Total rows: 43376
Total columns: 10
2026-09-15 04:48:21.776 | INFO     | src.data_cleaner:clean_data:85 - 
Missing values after cleaning:  
timestamp    0
aqi          0
no           0
pm2_5        0
pm10         0
co           0
no2          0
so2          0
o3           0
nh3          0
dtype: int64
2026-09-15 04:48:21.777 | INFO     | src.data_cleaner:clean_data:86 - 
Data types: 
timestamp    datetime64[ns]
aqi                 float64
no                  float64
pm2_5               float64
pm10                float64
co                  float64
no2                 float64
so2                 float64
o3                  float64
nh3                 float64
dtype: object
2026-09-15 04:48:21.777 | INFO     | __main__:main:41 - Data Loading & Cleaning Completed.
2026-09-15 04:48:21.777 | INFO     | __main__:main:43 - Feature Engineering...
2026-09-15 04:48:21.926 | INFO     | __main__:main:46 - Feature Engineering Completed.
2026-09-15 04:48:21.926 | INFO     | __main__:main:48 - Feature Selection...
2026-09-15 04:48:21.926 | INFO     | __main__:main:50 - Performing correlation analysis...
2026-09-15 04:48:21.962 | INFO     | __main__:main:53 - 
Dropped highly correlated features: 
['pm2_5', 'pm10', 'nh3', 'aqi_above_3_count_24h']
2026-09-15 04:48:21.962 | INFO     | __main__:main:54 - Correlation analysis completed.
2026-09-15 04:48:21.962 | INFO     | __main__:main:58 - Feature importance analysis...
2026-09-15 04:48:26.550 | INFO     | __main__:main:61 - Top feature importances: 
co                      0.187359
aqi_rolling_mean_24h    0.161188
so2                     0.124951
no2                     0.113721
aqi_rolling_max_24h     0.080574
pm2_5_pm10_ratio        0.074666
o3                      0.074041
aqi_trend               0.041177
hour                    0.033847
season                  0.029417
month                   0.025421
no                      0.021121
day                     0.019820
weekday                 0.012696
dtype: float64
2026-09-15 04:48:26.551 | INFO     | __main__:main:62 - Feature importance analysis completed.
2026-09-15 04:48:26.551 | INFO     | __main__:main:65 - Splitting data into train, validation, and test sets...
2026-09-15 04:48:26.554 | INFO     | __main__:main:68 - 
Train shape: 
(30363, 20)
 Val shape: (6506, 20)
 Test shape: (6507, 20)
2026-09-15 04:48:26.555 | INFO     | __main__:main:69 - Data splitting completed.
2026-09-15 04:48:26.555 | INFO     | __main__:main:72 - Saving features to CSV files...
2026-09-15 04:48:26.989 | INFO     | __main__:main:76 - Features saved successfully.
2026-09-16 04:37:48.807 | INFO     | __main__:main:29 - Starting feature pipeline...
2026-09-16 04:37:48.811 | INFO     | __main__:main:33 - Data downloading from API...
2026-09-16 04:37:49.553 | INFO     | src.data_fetcher:fetch_data:90 - ✅ Data pulled for 2016-01-01 - 2016-03-01
2026-09-16 04:37:55.046 | INFO     | src.data_fetcher:fetch_data:90 - ✅ Data pulled for 2016-03-02 - 2016-05-01
2026-09-16 04:38:04.364 | INFO     | src.data_fetcher:fetch_data:90 - ✅ Data pulled for 2016-05-02 - 2016-07-01
2026-09-16 04:38:09.721 | INFO     | src.data_fetcher:fetch_data:90 - ✅ Data pulled for 2016-07-02 - 2016-08-31
2026-09-16 04:38:14.921 | INFO     | src.data_fetcher:fetch_data:90 - ✅ Data pulled for 2016-09-01 - 2016-10-31
2026-09-16 04:38:20.125 | INFO     | src.data_fetcher:fetch_data:90 - ✅ Data pulled for 2016-11-01 - 2016-12-31
2026-09-16 04:38:25.570 | INFO     | src.data_fetcher:fetch_data:90 - ✅ Data pulled for 2017-01-01 - 2017-03-02
2026-09-16 04:38:30.777 | INFO     | src.data_fetcher:fetch_data:90 - ✅ Data pulled for 2017-03-03 - 2017-05-02
2026-09-16 04:38:35.980 | INFO     | src.data_fetcher:fetch_data:90 - ✅ Data pulled for 2017-05-03 - 2017-07-02
2026-09-16 04:38:41.184 | INFO     | src.data_fetcher:fetch_data:90 - ✅ Data pulled for 2017-07-03 - 2017-09-01
2026-09-16 04:38:46.588 | INFO     | src.data_fetcher:fetch_data:90 - ✅ Data pulled for 2017-09-02 - 2017-11-01
2026-09-16 04:38:52.795 | INFO     | src.data_fetcher:fetch_data:90 - ✅ Data pulled for 2017-11-02 - 2018-01-01
2026-09-16 04:38:59.183 | INFO     | src.data_fetcher:fetch_data:90 - ✅ Data pulled for 2018-01-02 - 2018-03-03
2026-09-16 04:39:04.386 | INFO     | src.data_fetcher:fetch_data:90 - ✅ Data pulled for 2018-03-04 - 2018-05-03
2026-09-16 04:39:12.651 | INFO     | src.data_fetcher:fetch_data:90 - ✅ Data pulled for 2018-05-04 - 2018-07-03
2026-09-16 04:39:17.938 | INFO     | src.data_fetcher:fetch_data:90 - ✅ Data pulled for 2018-07-04 - 2018-09-02
2026-09-16 04:39:25.261 | INFO     | src.data_fetcher:fetch_data:90 - ✅ Data pulled for 2018-09-03 - 2018-11-02
2026-09-16 04:39:30.468 | INFO     | src.data_fetcher:fetch_data:90 - ✅ Data pulled for 2018-11-03 - 2019-01-02
2026-09-16 04:39:35.673 | INFO     | src.data_fetcher:fetch_data:90 - ✅ Data pulled for 2019-01-03 - 2019-03-04
2026-09-16 04:39:41.119 | INFO     | src.data_fetcher:fetch_data:90 - ✅ Data pulled for 2019-03-05 - 2019-05-04
2026-09-16 04:39:46.866 | INFO     | src.data_fetcher:fetch_data:90 - ✅ Data pulled for 2019-05-05 - 2019-07-04
2026-09-16 04:39:53.261 | INFO     | src.data_fetcher:fetch_data:90 - ✅ Data pulled for 2019-07-05 - 2019-09-03
2026-09-16 04:39:59.126 | INFO     | src.data_fetcher:fetch_data:90 - ✅ Data pulled for 2019-09-04 - 2019-11-03
2026-09-16 04:40:04.341 | INFO     | src.data_fetcher:fetch_data:90 - ✅ Data pulled for 2019-11-04 - 2020-01-03
2026-09-16 04:40:09.545 | INFO     | src.data_fetcher:fetch_data:90 - ✅ Data pulled for 2020-01-04 - 2020-03-04
2026-09-16 04:40:16.221 | INFO     | src.data_fetcher:fetch_data:90 - ✅ Data pulled for 2020-03-05 - 2020-05-04
2026-09-16 04:40:23.527 | INFO     | src.data_fetcher:fetch_data:90 - ✅ Data pulled for 2020-05-05 - 2020-07-04
2026-09-16 04:40:29.139 | INFO     | src.data_fetcher:fetch_data:90 - ✅ Data pulled for 2020-07-05 - 2020-09-03
2026-09-16 04:40:34.455 | INFO     | src.data_fetcher:fetch_data:90 - ✅ Data pulled for 2020-09-04 - 2020-11-03
2026-09-16 04:40:42.166 | INFO     | src.data_fetcher:fetch_data:90 - ✅ Data pulled for 2020-11-04 - 2021-01-03
2026-09-16 04:40:49.044 | INFO     | src.data_fetcher:fetch_data:90 - ✅ Data pulled for 2021-01-04 - 2021-03-05
2026-09-16 04:40:55.028 | INFO     | src.data_fetcher:fetch_data:90 - ✅ Data pulled for 2021-03-06 - 2021-05-05
2026-09-16 04:41:02.014 | INFO     | src.data_fetcher:fetch_data:90 - ✅ Data pulled for 2021-05-06 - 2021-07-05
2026-09-16 04:41:08.201 | INFO     | src.data_fetcher:fetch_data:90 - ✅ Data pulled for 2021-07-06 - 2021-09-04
2026-09-16 04:41:14.510 | INFO     | src.data_fetcher:fetch_data:90 - ✅ Data pulled for 2021-09-05 - 2021-11-04
2026-09-16 04:41:21.369 | INFO     | src.data_fetcher:fetch_data:90 - ✅ Data pulled for 2021-11-05 - 2022-01-04
2026-09-16 04:41:29.256 | INFO     | src.data_fetcher:fetch_data:90 - ✅ Data pulled for 2022-01-05 - 2022-03-06
2026-09-16 04:41:35.217 | INFO     | src.data_fetcher:fetch_data:90 - ✅ Data pulled for 2022-03-07 - 2022-05-06
2026-09-16 04:41:42.998 | INFO     | src.data_fetcher:fetch_data:90 - ✅ Data pulled for 2022-05-07 - 2022-07-06
2026-09-16 04:41:49.388 | INFO     | src.data_fetcher:fetch_data:90 - ✅ Data pulled for 2022-07-07 - 2022-09-05
2026-09-16 04:41:55.504 | INFO     | src.data_fetcher:fetch_data:90 - ✅ Data pulled for 2022-09-06 - 2022-11-05
2026-09-16 04:42:01.549 | INFO     | src.data_fetcher:fetch_data:90 - ✅ Data pulled for 2022-11-06 - 2023-01-05
2026-09-16 04:42:07.662 | INFO     | src.data_fetcher:fetch_data:90 - ✅ Data pulled for 2023-01-06 - 2023-03-07
2026-09-16 04:42:13.843 | INFO     | src.data_fetcher:fetch_data:90 - ✅ Data pulled for 2023-03-08 - 2023-05-07
2026-09-16 04:42:24.742 | INFO     | src.data_fetcher:fetch_data:90 - ✅ Data pulled for 2023-05-08 - 2023-07-07
2026-09-16 04:42:31.088 | INFO     | src.data_fetcher:fetch_data:90 - ✅ Data pulled for 2023-07-08 - 2023-09-06
2026-09-16 04:42:46.126 | INFO     | src.data_fetcher:fetch_data:93 - ⚠ Timeout error! Skipping this batch.
2026-09-16 04:42:53.239 | INFO     | src.data_fetcher:fetch_data:90 - ✅ Data pulled for 2023-11-07 - 2024-01-06
2026-09-16 04:42:59.556 | INFO     | src.data_fetcher:fetch_data:90 - ✅ Data pulled for 2024-01-07 - 2024-03-07
2026-09-16 04:43:05.587 | INFO     | src.data_fetcher:fetch_data:90 - ✅ Data pulled for 2024-03-08 - 2024-05-07
2026-09-16 04:43:11.670 | INFO     | src.data_fetcher:fetch_data:90 - ✅ Data pulled for 2024-05-08 - 2024-07-07
2026-09-16 04:43:17.715 | INFO     | src.data_fetcher:fetch_data:90 - ✅ Data pulled for 2024-07-08 - 2024-09-06
2026-09-16 04:43:23.731 | INFO     | src.data_fetcher:fetch_data:90 - ✅ Data pulled for 2024-09-07 - 2024-11-06
2026-09-16 04:43:31.096 | INFO     | src.data_fetcher:fetch_data:90 - ✅ Data pulled for 2024-11-07 - 2025-01-06
2026-09-16 04:43:37.727 | INFO     | src.data_fetcher:fetch_data:90 - ✅ Data pulled for 2025-01-07 - 2025-03-08
2026-09-16 04:43:44.677 | INFO     | src.data_fetcher:fetch_data:90 - ✅ Data pulled for 2025-03-09 - 2025-05-08
2026-09-16 04:43:50.907 | INFO     | src.data_fetcher:fetch_data:90 - ✅ Data pulled for 2025-05-09 - 2025-07-08
2026-09-16 04:44:03.406 | INFO     | src.data_fetcher:fetch_data:90 - ✅ Data pulled for 2025-07-09 - 2025-09-07
2026-09-16 04:44:13.686 | INFO     | src.data_fetcher:fetch_data:90 - ✅ Data pulled for 2025-09-08 - 2025-11-07
2026-09-16 04:44:19.850 | INFO     | src.data_fetcher:fetch_data:90 - ✅ Data pulled for 2025-11-08 - 2026-01-07
2026-09-16 04:44:26.526 | INFO     | src.data_fetcher:fetch_data:90 - ✅ Data pulled for 2026-01-08 - 2026-03-09
2026-09-16 04:44:35.586 | INFO     | src.data_fetcher:fetch_data:90 - ✅ Data pulled for 2026-03-10 - 2026-05-09
2026-09-16 04:44:43.138 | INFO     | src.data_fetcher:fetch_data:90 - ✅ Data pulled for 2026-05-10 - 2026-07-09
2026-09-16 04:44:53.237 | INFO     | src.data_fetcher:fetch_data:90 - ✅ Data pulled for 2026-07-10 - 2026-09-08
2026-09-16 04:44:59.104 | INFO     | src.data_fetcher:fetch_data:90 - ✅ Data pulled for 2026-09-09 - 2026-09-16
2026-09-16 04:45:04.458 | INFO     | src.data_fetcher:fetch_data:111 - ✔ AQI Data saved to `aqi_data_2016-2026.csv`
2026-09-16 04:45:04.469 | INFO     | __main__:main:35 - Data download completed...
2026-09-16 04:45:04.469 | INFO     | __main__:main:37 - Data Loading & Cleaning...
2026-09-16 04:45:04.605 | INFO     | src.data_cleaner:clean_data:84 - 
Data Quality Report:  
Total rows: 43376
Total columns: 10
2026-09-16 04:45:04.607 | INFO     | src.data_cleaner:clean_data:85 - 
Missing values after cleaning:  
timestamp    0
aqi          0
no           0
pm2_5        0
pm10         0
co           0
no2          0
so2          0
o3           0
nh3          0
dtype: int64
2026-09-16 04:45:04.608 | INFO     | src.data_cleaner:clean_data:86 - 
Data types: 
timestamp    datetime64[ns]
aqi                 float64
no                  float64
pm2_5               float64
pm10                float64
co                  float64
no2                 float64
so2                 float64
o3                  float64
nh3                 float64
dtype: object
2026-09-16 04:45:04.608 | INFO     | __main__:main:41 - Data Loading & Cleaning Completed.
2026-09-16 04:45:04.608 | INFO     | __main__:main:43 - Feature Engineering...
2026-09-16 04:45:04.754 | INFO     | __main__:main:46 - Feature Engineering Completed.
2026-09-16 04:45:04.754 | INFO     | __main__:main:48 - Feature Selection...
2026-09-16 04:45:04.754 | INFO     | __main__:main:50 - Performing correlation analysis...
2026-09-16 04:45:04.790 | INFO     | __main__:main:53 - 
Dropped highly correlated features: 
['pm2_5', 'pm10', 'nh3', 'aqi_above_3_count_24h']
2026-09-16 04:45:04.791 | INFO     | __main__:main:54 - Correlation analysis completed.
2026-09-16 04:45:04.791 | INFO     | __main__:main:58 - Feature importance analysis...
2026-09-16 04:45:09.465 | INFO     | __main__:main:61 - Top feature importances: 
co                      0.187359
aqi_rolling_mean_24h    0.161188
so2                     0.124951
no2                     0.113721
aqi_rolling_max_24h     0.080574
pm2_5_pm10_ratio        0.074666
o3                      0.074041
aqi_trend               0.041177
hour                    0.033847
season                  0.029417
month                   0.025421
no                      0.021121
day                     0.019820
weekday                 0.012696
dtype: float64
2026-09-16 04:45:09.465 | INFO     | __main__:main:62 - Feature importance analysis completed.
2026-09-16 04:45:09.466 | INFO     | __main__:main:65 - Splitting data into train, validation, and test sets...
2026-09-16 04:45:09.469 | INFO     | __main__:main:68 - 
Train shape: 
(30363, 20)
 Val shape: (6506, 20)
 Test shape: (6507, 20)
2026-09-16 04:45:09.469 | INFO     | __main__:main:69 - Data splitting completed.
2026-09-16 04:45:09.469 | INFO     | __main__:main:72 - Saving features to CSV files...
2026-09-16 04:45:09.921 | INFO     | __main__:main:76 - Features saved successfully.
2026-09-17 04:42:39.186 | INFO     | __main__:main:29 - Starting feature pipeline...
2026-09-17 04:42:39.189 | INFO     | __main__:main:33 - Data downloading from API...
2026-09-17 04:42:40.790 | INFO     | src.data_fetcher:fetch_data:90 - ✅ Data pulled for 2016-01-01 - 2016-03-01
2026-09-17 04:42:46.019 | INFO     | src.data_fetcher:fetch_data:90 - ✅ Data pulled for 2016-03-02 - 2016-05-01
2026-09-17 04:42:51.666 | INFO     | src.data_fetcher:fetch_data:90 - ✅ Data pulled for 2016-05-02 - 2016-07-01
2026-09-17 04:42:57.182 | INFO     | src.data_fetcher:fetch_data:90 - ✅ Data pulled for 2016-07-02 - 2016-08-31
2026-09-17 04:43:02.406 | INFO     | src.data_fetcher:fetch_data:90 - ✅ Data pulled for 2016-09-01 - 2016-10-31
2026-09-17 04:43:07.927 | INFO     | src.data_fetcher:fetch_data:90 - ✅ Data pulled for 2016-11-01 - 2016-12-31
2026-09-17 04:43:13.155 | INFO     | src.data_fetcher:fetch_data:90 - ✅ Data pulled for 2017-01-01 - 2017-03-02
2026-09-17 04:43:18.383 | INFO     | src.data_fetcher:fetch_data:90 - ✅ Data pulled for 2017-03-03 - 2017-05-02
2026-09-17 04:43:23.611 | INFO     | src.data_fetcher:fetch_data:90 - ✅ Data pulled for 2017-05-03 - 2017-07-02
2026-09-17 04:43:28.839 | INFO     | src.data_fetcher:fetch_data:90 - ✅ Data pulled for 2017-07-03 - 2017-09-01
2026-09-17 04:43:34.068 | INFO     | src.data_fetcher:fetch_data:90 - ✅ Data pulled for 2017-09-02 - 2017-11-01
2026-09-17 04:43:39.299 | INFO     | src.data_fetcher:fetch_data:90 - ✅ Data pulled for 2017-11-02 - 2018-01-01
2026-09-17 04:43:44.526 | INFO     | src.data_fetcher:fetch_data:90 - ✅ Data pulled for 2018-01-02 - 2018-03-03
2026-09-17 04:43:49.754 | INFO     | src.data_fetcher:fetch_data:90 - ✅ Data pulled for 2018-03-04 - 2018-05-03
2026-09-17 04:43:54.981 | INFO     | src.data_fetcher:fetch_data:90 - ✅ Data pulled for 2018-05-04 - 2018-07-03
2026-09-17 04:44:00.209 | INFO     | src.data_fetcher:fetch_data:90 - ✅ Data pulled for 2018-07-04 - 2018-09-02
2026-09-17 04:44:05.437 | INFO     | src.data_fetcher:fetch_data:90 - ✅ Data pulled for 2018-09-03 - 2018-11-02
2026-09-17 04:44:10.665 | INFO     | src.data_fetcher:fetch_data:90 - ✅ Data pulled for 2018-11-03 - 2019-01-02
2026-09-17 04:44:15.970 | INFO     | src.data_fetcher:fetch_data:90 - ✅ Data pulled for 2019-01-03 - 2019-03-04
2026-09-17 04:44:21.247 | INFO     | src.data_fetcher:fetch_data:90 - ✅ Data pulled for 2019-03-05 - 2019-05-04
2026-09-17 04:44:26.691 | INFO     | src.data_fetcher:fetch_data:90 - ✅ Data pulled for 2019-05-05 - 2019-07-04
2026-09-17 04:44:31.919 | INFO     | src.data_fetcher:fetch_data:90 - ✅ Data pulled for 2019-07-05 - 2019-09-03
2026-09-17 04:44:37.147 | INFO     | src.data_fetcher:fetch_data:90 - ✅ Data pulled for 2019-09-04 - 2019-11-03
2026-09-17 04:44:42.406 | INFO     | src.data_fetcher:fetch_data:90 - ✅ Data pulled for 2019-11-04 - 2020-01-03
2026-09-17 04:44:48.533 | INFO     | src.data_fetcher:fetch_data:90 - ✅ Data pulled for 2020-01-04 - 2020-03-04
2026-09-17 04:44:54.407 | INFO     | src.data_fetcher:fetch_data:90 - ✅ Data pulled for 2020-03-05 - 2020-05-04
2026-09-17 04:44:59.638 | INFO     | src.data_fetcher:fetch_data:90 - ✅ Data pulled for 2020-05-05 - 2020-07-04
2026-09-17 04:45:05.901 | INFO     | src.data_fetcher:fetch_data:90 - ✅ Data pulled for 2020-07-05 - 2020-09-03
2026-09-17 04:45:11.134 | INFO     | src.data_fetcher:fetch_data:90 - ✅ Data pulled for 2020-09-04 - 2020-11-03
2026-09-17 04:45:17.344 | INFO     | src.data_fetcher:fetch_data:90 - ✅ Data pulled for 2020-11-04 - 2021-01-03
2026-09-17 04:45:23.868 | INFO     | src.data_fetcher:fetch_data:90 - ✅ Data pulled for 2021-01-04 - 2021-03-05
2026-09-17 04:45:29.986 | INFO     | src.data_fetcher:fetch_data:90 - ✅ Data pulled for 2021-03-06 - 2021-05-05
2026-09-17 04:45:36.746 | INFO     | src.data_fetcher:fetch_data:90 - ✅ Data pulled for 2021-05-06 - 2021-07-05
2026-09-17 04:45:42.837 | INFO     | src.data_fetcher:fetch_data:90 - ✅ Data pulled for 2021-07-06 - 2021-09-04
2026-09-17 04:45:49.008 | INFO     | src.data_fetcher:fetch_data:90 - ✅ Data pulled for 2021-09-05 - 2021-11-04
2026-09-17 04:45:55.197 | INFO     | src.data_fetcher:fetch_data:90 - ✅ Data pulled for 2021-11-05 - 2022-01-04
2026-09-17 04:46:01.562 | INFO     | src.data_fetcher:fetch_data:90 - ✅ Data pulled for 2022-01-05 - 2022-03-06
2026-09-17 04:46:07.771 | INFO     | src.data_fetcher:fetch_data:90 - ✅ Data pulled for 2022-03-07 - 2022-05-06
2026-09-17 04:46:15.849 | INFO     | src.data_fetcher:fetch_data:90 - ✅ Data pulled for 2022-05-07 - 2022-07-06
2026-09-17 04:46:22.271 | INFO     | src.data_fetcher:fetch_data:90 - ✅ Data pulled for 2022-07-07 - 2022-09-05
2026-09-17 04:46:28.810 | INFO     | src.data_fetcher:fetch_data:90 - ✅ Data pulled for 2022-09-06 - 2022-11-05
2026-09-17 04:46:38.382 | INFO     | src.data_fetcher:fetch_data:90 - ✅ Data pulled for 2022-11-06 - 2023-01-05
2026-09-17 04:46:44.482 | INFO     | src.data_fetcher:fetch_data:90 - ✅ Data pulled for 2023-01-06 - 2023-03-07
2026-09-17 04:46:50.952 | INFO     | src.data_fetcher:fetch_data:90 - ✅ Data pulled for 2023-03-08 - 2023-05-07
2026-09-17 04:46:57.350 | INFO     | src.data_fetcher:fetch_data:90 - ✅ Data pulled for 2023-05-08 - 2023-07-07
2026-09-17 04:47:05.067 | INFO     | src.data_fetcher:fetch_data:90 - ✅ Data pulled for 2023-07-08 - 2023-09-06
2026-09-17 04:47:11.184 | INFO     | src.data_fetcher:fetch_data:90 - ✅ Data pulled for 2023-09-07 - 2023-11-06
2026-09-17 04:47:17.265 | INFO     | src.data_fetcher:fetch_data:90 - ✅ Data pulled for 2023-11-07 - 2024-01-06
2026-09-17 04:47:23.400 | INFO     | src.data_fetcher:fetch_data:90 - ✅ Data pulled for 2024-01-07 - 2024-03-07
2026-09-17 04:47:29.946 | INFO     | src.data_fetcher:fetch_data:90 - ✅ Data pulled for 2024-03-08 - 2024-05-07
2026-09-17 04:47:36.087 | INFO     | src.data_fetcher:fetch_data:90 - ✅ Data pulled for 2024-05-08 - 2024-07-07
2026-09-17 04:47:42.206 | INFO     | src.data_fetcher:fetch_data:90 - ✅ Data pulled for 2024-07-08 - 2024-09-06
2026-09-17 04:47:48.231 | INFO     | src.data_fetcher:fetch_data:90 - ✅ Data pulled for 2024-09-07 - 2024-11-06
2026-09-17 04:47:54.383 | INFO     | src.data_fetcher:fetch_data:90 - ✅ Data pulled for 2024-11-07 - 2025-01-06
2026-09-17 04:48:00.724 | INFO     | src.data_fetcher:fetch_data:90 - ✅ Data pulled for 2025-01-07 - 2025-03-08
2026-09-17 04:48:06.957 | INFO     | src.data_fetcher:fetch_data:90 - ✅ Data pulled for 2025-03-09 - 2025-05-08
2026-09-17 04:48:13.540 | INFO     | src.data_fetcher:fetch_data:90 - ✅ Data pulled for 2025-05-09 - 2025-07-08
2026-09-17 04:48:19.942 | INFO     | src.data_fetcher:fetch_data:90 - ✅ Data pulled for 2025-07-09 - 2025-09-07
2026-09-17 04:48:26.286 | INFO     | src.data_fetcher:fetch_data:90 - ✅ Data pulled for 2025-09-08 - 2025-11-07
2026-09-17 04:48:33.018 | INFO     | src.data_fetcher:fetch_data:90 - ✅ Data pulled for 2025-11-08 - 2026-01-07
2026-09-17 04:48:39.055 | INFO     | src.data_fetcher:fetch_data:90 - ✅ Data pulled for 2026-01-08 - 2026-03-09
2026-09-17 04:48:45.277 | INFO     | src.data_fetcher:fetch_data:90 - ✅ Data pulled for 2026-03-10 - 2026-05-09
2026-09-17 04:48:51.658 | INFO     | src.data_fetcher:fetch_data:90 - ✅ Data pulled for 2026-05-10 - 2026-07-09
2026-09-17 04:48:58.109 | INFO     | src.data_fetcher:fetch_data:90 - ✅ Data pulled for 2026-07-10 - 2026-09-08
2026-09-17 04:49:03.761 | INFO     | src.data_fetcher:fetch_data:90 - ✅ Data pulled for 2026-09-09 - 2026-09-17
2026-09-17 04:49:09.037 | INFO     | src.data_fetcher:fetch_data:111 - ✔ AQI Data saved to `aqi_data_2016-2026.csv`
2026-09-17 04:49:09.047 | INFO     | __main__:main:35 - Data download completed...
2026-09-17 04:49:09.047 | INFO     | __main__:main:37 - Data Loading & Cleaning...
2026-09-17 04:49:09.158 | INFO     | src.data_cleaner:clean_data:84 - 
Data Quality Report:  
Total rows: 43376
Total columns: 10
2026-09-17 04:49:09.159 | INFO     | src.data_cleaner:clean_data:85 - 
Missing values after cleaning:  
timestamp    0
aqi          0
no           0
pm2_5        0
pm10         0
co           0
no2          0
so2          0
o3           0
nh3          0
dtype: int64
2026-09-17 04:49:09.160 | INFO     | src.data_cleaner:clean_data:86 - 
Data types: 
timestamp    datetime64[ns]
aqi                 float64
no                  float64
pm2_5               float64
pm10                float64
co                  float64
no2                 float64
so2                 float64
o3                  float64
nh3                 float64
dtype: object
2026-09-17 04:49:09.160 | INFO     | __main__:main:41 - Data Loading & Cleaning Completed.
2026-09-17 04:49:09.160 | INFO     | __main__:main:43 - Feature Engineering...
2026-09-17 04:49:09.267 | INFO     | __main__:main:46 - Feature Engineering Completed.
2026-09-17 04:49:09.268 | INFO     | __main__:main:48 - Feature Selection...
2026-09-17 04:49:09.268 | INFO     | __main__:main:50 - Performing correlation analysis...
2026-09-17 04:49:09.298 | INFO     | __main__:main:53 - 
Dropped highly correlated features: 
['pm2_5', 'pm10', 'nh3', 'aqi_above_3_count_24h']
2026-09-17 04:49:09.298 | INFO     | __main__:main:54 - Correlation analysis completed.
2026-09-17 04:49:09.298 | INFO     | __main__:main:58 - Feature importance analysis...
2026-09-17 04:49:13.301 | INFO     | __main__:main:61 - Top feature importances: 
co                      0.187359
aqi_rolling_mean_24h    0.161188
so2                     0.124951
no2                     0.113721
aqi_rolling_max_24h     0.080574
pm2_5_pm10_ratio        0.074666
o3                      0.074041
aqi_trend               0.041177
hour                    0.033847
season                  0.029417
month                   0.025421
no                      0.021121
day                     0.019820
weekday                 0.012696
dtype: float64
2026-09-17 04:49:13.301 | INFO     | __main__:main:62 - Feature importance analysis completed.
2026-09-17 04:49:13.301 | INFO     | __main__:main:65 - Splitting data into train, validation, and test sets...
2026-09-17 04:49:13.303 | INFO     | __main__:main:68 - 
Train shape: 
(30363, 20)
 Val shape: (6506, 20)
 Test shape: (6507, 20)
2026-09-17 04:49:13.303 | INFO     | __main__:main:69 - Data splitting completed.
2026-09-17 04:49:13.304 | INFO     | __main__:main:72 - Saving features to CSV files...
2026-09-17 04:49:13.632 | INFO     | __main__:main:76 - Features saved successfully.
